platform,account_id,report_layer,date_basis,account_timezone,report_date,attribution_setting,conversions,conversion_value,currency,data_origin
google_ads,AW-11252321380,ads_attributed,click,America/Los_Angeles,2026-06-03,30d_click,1,56.00,USD,synthetic
google_ads,AW-11252321380,ads_attributed,click,America/Los_Angeles,2026-06-05,30d_click,1,34.00,USD,synthetic
google_ads,AW-11252321380,ads_attributed,click,America/Los_Angeles,2026-06-09,30d_click,1,151.20,USD,synthetic
google_ads,AW-11252321380,ads_attributed,click,America/Los_Angeles,2026-06-11,30d_click,1,34.00,USD,synthetic
google_ads,AW-11252321380,ads_attributed,click,America/Los_Angeles,2026-06-12,30d_click,1,14.00,USD,synthetic
google_ads,AW-11252321380,ads_attributed,click,America/Los_Angeles,2026-06-17,30d_click,1,524.16,USD,synthetic
google_ads,AW-11252321380,ads_attributed,click,America/Los_Angeles,2026-06-18,30d_click,1,14.00,USD,synthetic
google_ads,AW-11252321380,ads_attributed,click,America/Los_Angeles,2026-06-23,30d_click,1,14.00,USD,synthetic
google_ads,AW-11252321380,ads_attributed,click,America/Los_Angeles,2026-07-02,30d_click,1,524.16,USD,synthetic
google_ads,AW-11252321380,ads_attributed,click,America/Los_Angeles,2026-07-03,30d_click,1,151.20,USD,synthetic
google_ads,AW-11252321380,ads_attributed,click,America/Los_Angeles,2026-07-04,30d_click,1,56.00,USD,synthetic
google_ads,AW-11252321380,ads_attributed,click,America/Los_Angeles,2026-07-05,30d_click,2,48.00,USD,synthetic
google_ads,AW-11252321380,ads_attributed,click,America/Los_Angeles,2026-07-08,30d_click,1,56.00,USD,synthetic
google_ads,AW-11252321380,ads_attributed,click,America/Los_Angeles,2026-07-09,30d_click,1,326.40,USD,synthetic
google_ads,AW-11252321380,ads_attributed,click,America/Los_Angeles,2026-07-12,30d_click,1,14.00,USD,synthetic
google_ads,AW-11252321380,ads_attributed,click,America/Los_Angeles,2026-07-13,30d_click,2,70.00,USD,synthetic
google_ads,AW-11252321380,ads_attributed,click,America/Los_Angeles,2026-07-14,30d_click,1,14.00,USD,synthetic
google_ads,AW-11252321380,ads_attributed,click,America/Los_Angeles,2026-07-15,30d_click,1,34.00,USD,synthetic
google_ads,AW-11252321380,ads_attributed,click,America/Los_Angeles,2026-07-23,30d_click,2,558.16,USD,synthetic
google_ads,AW-11252321380,ads_attributed,click,America/Los_Angeles,2026-07-24,30d_click,1,14.00,USD,synthetic
google_ads,AW-11252321380,ads_attributed,click,America/Los_Angeles,2026-07-25,30d_click,1,240.00,USD,synthetic
google_ads,AW-11252321380,ads_attributed,click,America/Los_Angeles,2026-07-29,30d_click,1,34.00,USD,synthetic
google_ads,AW-11252321380,tag_received,conversion,America/Los_Angeles,2026-06-02,none,1,14.00,USD,synthetic
google_ads,AW-11252321380,tag_received,conversion,America/Los_Angeles,2026-06-04,none,1,2102.40,USD,synthetic
google_ads,AW-11252321380,tag_received,conversion,America/Los_Angeles,2026-06-06,none,1,34.00,USD,synthetic
google_ads,AW-11252321380,tag_received,conversion,America/Los_Angeles,2026-06-09,none,1,14.00,USD,synthetic
google_ads,AW-11252321380,tag_received,conversion,America/Los_Angeles,2026-06-10,none,1,14.00,USD,synthetic
google_ads,AW-11252321380,tag_received,conversion,America/Los_Angeles,2026-06-11,none,2,165.20,USD,synthetic
google_ads,AW-11252321380,tag_received,conversion,America/Los_Angeles,2026-06-12,none,2,2116.40,USD,synthetic
google_ads,AW-11252321380,tag_received,conversion,America/Los_Angeles,2026-06-14,none,2,68.00,USD,synthetic
google_ads,AW-11252321380,tag_received,conversion,America/Los_Angeles,2026-06-15,none,1,151.20,USD,synthetic
google_ads,AW-11252321380,tag_received,conversion,America/Los_Angeles,2026-06-16,none,2,90.00,USD,synthetic
google_ads,AW-11252321380,tag_received,conversion,America/Los_Angeles,2026-06-17,none,4,2248.40,USD,synthetic
google_ads,AW-11252321380,tag_received,conversion,America/Los_Angeles,2026-06-19,none,2,2428.80,USD,synthetic
google_ads,AW-11252321380,tag_received,conversion,America/Los_Angeles,2026-06-20,none,4,138.00,USD,synthetic
google_ads,AW-11252321380,tag_received,conversion,America/Los_Angeles,2026-06-21,none,1,14.00,USD,synthetic
google_ads,AW-11252321380,tag_received,conversion,America/Los_Angeles,2026-06-22,none,2,538.16,USD,synthetic
google_ads,AW-11252321380,tag_received,conversion,America/Los_Angeles,2026-06-23,none,1,14.00,USD,synthetic
google_ads,AW-11252321380,tag_received,conversion,America/Los_Angeles,2026-06-26,none,1,524.16,USD,synthetic
google_ads,AW-11252321380,tag_received,conversion,America/Los_Angeles,2026-06-27,none,3,104.00,USD,synthetic
google_ads,AW-11252321380,tag_received,conversion,America/Los_Angeles,2026-06-28,none,2,48.00,USD,synthetic
google_ads,AW-11252321380,tag_received,conversion,America/Los_Angeles,2026-07-02,none,1,14.00,USD,synthetic
google_ads,AW-11252321380,tag_received,conversion,America/Los_Angeles,2026-07-03,none,2,165.20,USD,synthetic
google_ads,AW-11252321380,tag_received,conversion,America/Los_Angeles,2026-07-04,none,3,316.40,USD,synthetic
google_ads,AW-11252321380,tag_received,conversion,America/Los_Angeles,2026-07-05,none,2,2158.40,USD,synthetic
google_ads,AW-11252321380,tag_received,conversion,America/Los_Angeles,2026-07-06,none,2,675.36,USD,synthetic
google_ads,AW-11252321380,tag_received,conversion,America/Los_Angeles,2026-07-07,none,2,48.00,USD,synthetic
google_ads,AW-11252321380,tag_received,conversion,America/Los_Angeles,2026-07-09,none,1,56.00,USD,synthetic
google_ads,AW-11252321380,tag_received,conversion,America/Los_Angeles,2026-07-11,none,3,491.60,USD,synthetic
google_ads,AW-11252321380,tag_received,conversion,America/Los_Angeles,2026-07-12,none,1,34.00,USD,synthetic
google_ads,AW-11252321380,tag_received,conversion,America/Los_Angeles,2026-07-13,none,3,104.00,USD,synthetic
google_ads,AW-11252321380,tag_received,conversion,America/Los_Angeles,2026-07-15,none,1,14.00,USD,synthetic
google_ads,AW-11252321380,tag_received,conversion,America/Los_Angeles,2026-07-16,none,2,70.00,USD,synthetic
google_ads,AW-11252321380,tag_received,conversion,America/Los_Angeles,2026-07-17,none,1,326.40,USD,synthetic
google_ads,AW-11252321380,tag_received,conversion,America/Los_Angeles,2026-07-18,none,2,70.00,USD,synthetic
google_ads,AW-11252321380,tag_received,conversion,America/Los_Angeles,2026-07-19,none,4,2966.96,USD,synthetic
google_ads,AW-11252321380,tag_received,conversion,America/Los_Angeles,2026-07-20,none,4,567.60,USD,synthetic
google_ads,AW-11252321380,tag_received,conversion,America/Los_Angeles,2026-07-21,none,1,56.00,USD,synthetic
google_ads,AW-11252321380,tag_received,conversion,America/Los_Angeles,2026-07-23,none,1,151.20,USD,synthetic
google_ads,AW-11252321380,tag_received,conversion,America/Los_Angeles,2026-07-24,none,4,628.16,USD,synthetic
google_ads,AW-11252321380,tag_received,conversion,America/Los_Angeles,2026-07-25,none,1,326.40,USD,synthetic
google_ads,AW-11252321380,tag_received,conversion,America/Los_Angeles,2026-07-26,none,2,391.20,USD,synthetic
google_ads,AW-11252321380,tag_received,conversion,America/Los_Angeles,2026-07-27,none,2,165.20,USD,synthetic
google_ads,AW-11252321380,tag_received,conversion,America/Los_Angeles,2026-07-28,none,1,34.00,USD,synthetic
google_ads,AW-11252321380,tag_received,conversion,America/Los_Angeles,2026-07-29,none,2,558.16,USD,synthetic
google_ads,AW-11252321380,tag_received,conversion,America/Los_Angeles,2026-07-30,none,2,254.00,USD,synthetic
google_ads,AW-11252321380,tag_received,conversion,America/Los_Angeles,2026-07-31,none,1,34.00,USD,synthetic
google_ads,AW-11252321380,tag_received,conversion,America/Los_Angeles,2026-08-01,none,2,68.00,USD,synthetic
google_ads,AW-11252321380,tag_received,conversion,America/Los_Angeles,2026-08-04,none,2,48.00,USD,synthetic
google_ads,AW-11252321380,tag_received,conversion,America/Los_Angeles,2026-08-06,none,1,34.00,USD,synthetic
google_ads,AW-11252321380,tag_received,conversion,America/Los_Angeles,2026-08-07,none,1,34.00,USD,synthetic
google_ads,AW-11252321380,tag_received,conversion,America/Los_Angeles,2026-08-08,none,1,240.00,USD,synthetic
google_ads,AW-11252321380,tag_received,conversion,America/Los_Angeles,2026-08-10,none,1,34.00,USD,synthetic
google_ads,AW-16854695811,ads_attributed,click,America/Los_Angeles,2026-06-03,30d_click,1,56.00,USD,synthetic
google_ads,AW-16854695811,ads_attributed,click,America/Los_Angeles,2026-06-05,30d_click,1,34.00,USD,synthetic
google_ads,AW-16854695811,ads_attributed,click,America/Los_Angeles,2026-06-09,30d_click,1,151.20,USD,synthetic
google_ads,AW-16854695811,ads_attributed,click,America/Los_Angeles,2026-06-11,30d_click,1,34.00,USD,synthetic
google_ads,AW-16854695811,ads_attributed,click,America/Los_Angeles,2026-06-12,30d_click,1,14.00,USD,synthetic
google_ads,AW-16854695811,ads_attributed,click,America/Los_Angeles,2026-06-17,30d_click,1,524.16,USD,synthetic
google_ads,AW-16854695811,ads_attributed,click,America/Los_Angeles,2026-06-18,30d_click,1,14.00,USD,synthetic
google_ads,AW-16854695811,ads_attributed,click,America/Los_Angeles,2026-06-23,30d_click,1,14.00,USD,synthetic
google_ads,AW-16854695811,ads_attributed,click,America/Los_Angeles,2026-07-02,30d_click,1,524.16,USD,synthetic
google_ads,AW-16854695811,ads_attributed,click,America/Los_Angeles,2026-07-03,30d_click,1,151.20,USD,synthetic
google_ads,AW-16854695811,ads_attributed,click,America/Los_Angeles,2026-07-04,30d_click,1,56.00,USD,synthetic
google_ads,AW-16854695811,ads_attributed,click,America/Los_Angeles,2026-07-05,30d_click,2,48.00,USD,synthetic
google_ads,AW-16854695811,ads_attributed,click,America/Los_Angeles,2026-07-08,30d_click,1,56.00,USD,synthetic
google_ads,AW-16854695811,ads_attributed,click,America/Los_Angeles,2026-07-09,30d_click,1,326.40,USD,synthetic
google_ads,AW-16854695811,ads_attributed,click,America/Los_Angeles,2026-07-12,30d_click,1,14.00,USD,synthetic
google_ads,AW-16854695811,ads_attributed,click,America/Los_Angeles,2026-07-13,30d_click,2,70.00,USD,synthetic
google_ads,AW-16854695811,ads_attributed,click,America/Los_Angeles,2026-07-14,30d_click,1,14.00,USD,synthetic
google_ads,AW-16854695811,ads_attributed,click,America/Los_Angeles,2026-07-15,30d_click,1,34.00,USD,synthetic
google_ads,AW-16854695811,ads_attributed,click,America/Los_Angeles,2026-07-23,30d_click,2,558.16,USD,synthetic
google_ads,AW-16854695811,ads_attributed,click,America/Los_Angeles,2026-07-24,30d_click,1,14.00,USD,synthetic
google_ads,AW-16854695811,ads_attributed,click,America/Los_Angeles,2026-07-25,30d_click,1,240.00,USD,synthetic
google_ads,AW-16854695811,ads_attributed,click,America/Los_Angeles,2026-07-29,30d_click,1,34.00,USD,synthetic
google_ads,AW-16854695811,tag_received,conversion,America/Los_Angeles,2026-06-02,none,1,14.00,USD,synthetic
google_ads,AW-16854695811,tag_received,conversion,America/Los_Angeles,2026-06-04,none,1,2102.40,USD,synthetic
google_ads,AW-16854695811,tag_received,conversion,America/Los_Angeles,2026-06-06,none,1,34.00,USD,synthetic
google_ads,AW-16854695811,tag_received,conversion,America/Los_Angeles,2026-06-09,none,1,14.00,USD,synthetic
google_ads,AW-16854695811,tag_received,conversion,America/Los_Angeles,2026-06-10,none,1,14.00,USD,synthetic
google_ads,AW-16854695811,tag_received,conversion,America/Los_Angeles,2026-06-11,none,2,165.20,USD,synthetic
google_ads,AW-16854695811,tag_received,conversion,America/Los_Angeles,2026-06-12,none,2,2116.40,USD,synthetic
google_ads,AW-16854695811,tag_received,conversion,America/Los_Angeles,2026-06-14,none,2,68.00,USD,synthetic
google_ads,AW-16854695811,tag_received,conversion,America/Los_Angeles,2026-06-15,none,1,151.20,USD,synthetic
google_ads,AW-16854695811,tag_received,conversion,America/Los_Angeles,2026-06-16,none,2,90.00,USD,synthetic
google_ads,AW-16854695811,tag_received,conversion,America/Los_Angeles,2026-06-17,none,4,2248.40,USD,synthetic
google_ads,AW-16854695811,tag_received,conversion,America/Los_Angeles,2026-06-19,none,2,2428.80,USD,synthetic
google_ads,AW-16854695811,tag_received,conversion,America/Los_Angeles,2026-06-20,none,4,138.00,USD,synthetic
google_ads,AW-16854695811,tag_received,conversion,America/Los_Angeles,2026-06-21,none,1,14.00,USD,synthetic
google_ads,AW-16854695811,tag_received,conversion,America/Los_Angeles,2026-06-22,none,2,538.16,USD,synthetic
google_ads,AW-16854695811,tag_received,conversion,America/Los_Angeles,2026-06-23,none,1,14.00,USD,synthetic
google_ads,AW-16854695811,tag_received,conversion,America/Los_Angeles,2026-06-26,none,1,524.16,USD,synthetic
google_ads,AW-16854695811,tag_received,conversion,America/Los_Angeles,2026-06-27,none,3,104.00,USD,synthetic
google_ads,AW-16854695811,tag_received,conversion,America/Los_Angeles,2026-06-28,none,2,48.00,USD,synthetic
google_ads,AW-16854695811,tag_received,conversion,America/Los_Angeles,2026-07-02,none,1,14.00,USD,synthetic
google_ads,AW-16854695811,tag_received,conversion,America/Los_Angeles,2026-07-03,none,2,165.20,USD,synthetic
google_ads,AW-16854695811,tag_received,conversion,America/Los_Angeles,2026-07-04,none,3,316.40,USD,synthetic
google_ads,AW-16854695811,tag_received,conversion,America/Los_Angeles,2026-07-05,none,2,2158.40,USD,synthetic
google_ads,AW-16854695811,tag_received,conversion,America/Los_Angeles,2026-07-06,none,2,675.36,USD,synthetic
google_ads,AW-16854695811,tag_received,conversion,America/Los_Angeles,2026-07-07,none,2,48.00,USD,synthetic
google_ads,AW-16854695811,tag_received,conversion,America/Los_Angeles,2026-07-09,none,1,56.00,USD,synthetic
google_ads,AW-16854695811,tag_received,conversion,America/Los_Angeles,2026-07-11,none,3,491.60,USD,synthetic
google_ads,AW-16854695811,tag_received,conversion,America/Los_Angeles,2026-07-12,none,1,34.00,USD,synthetic
google_ads,AW-16854695811,tag_received,conversion,America/Los_Angeles,2026-07-13,none,3,104.00,USD,synthetic
google_ads,AW-16854695811,tag_received,conversion,America/Los_Angeles,2026-07-15,none,1,14.00,USD,synthetic
google_ads,AW-16854695811,tag_received,conversion,America/Los_Angeles,2026-07-16,none,2,70.00,USD,synthetic
google_ads,AW-16854695811,tag_received,conversion,America/Los_Angeles,2026-07-17,none,1,326.40,USD,synthetic
google_ads,AW-16854695811,tag_received,conversion,America/Los_Angeles,2026-07-18,none,2,70.00,USD,synthetic
google_ads,AW-16854695811,tag_received,conversion,America/Los_Angeles,2026-07-19,none,4,2966.96,USD,synthetic
google_ads,AW-16854695811,tag_received,conversion,America/Los_Angeles,2026-07-20,none,4,567.60,USD,synthetic
google_ads,AW-16854695811,tag_received,conversion,America/Los_Angeles,2026-07-21,none,1,56.00,USD,synthetic
google_ads,AW-16854695811,tag_received,conversion,America/Los_Angeles,2026-07-23,none,1,151.20,USD,synthetic
google_ads,AW-16854695811,tag_received,conversion,America/Los_Angeles,2026-07-24,none,4,628.16,USD,synthetic
google_ads,AW-16854695811,tag_received,conversion,America/Los_Angeles,2026-07-25,none,1,326.40,USD,synthetic
google_ads,AW-16854695811,tag_received,conversion,America/Los_Angeles,2026-07-26,none,2,391.20,USD,synthetic
google_ads,AW-16854695811,tag_received,conversion,America/Los_Angeles,2026-07-27,none,2,165.20,USD,synthetic
google_ads,AW-16854695811,tag_received,conversion,America/Los_Angeles,2026-07-28,none,1,34.00,USD,synthetic
google_ads,AW-16854695811,tag_received,conversion,America/Los_Angeles,2026-07-29,none,2,558.16,USD,synthetic
google_ads,AW-16854695811,tag_received,conversion,America/Los_Angeles,2026-07-30,none,2,254.00,USD,synthetic
google_ads,AW-16854695811,tag_received,conversion,America/Los_Angeles,2026-07-31,none,1,34.00,USD,synthetic
google_ads,AW-16854695811,tag_received,conversion,America/Los_Angeles,2026-08-01,none,2,68.00,USD,synthetic
google_ads,AW-16854695811,tag_received,conversion,America/Los_Angeles,2026-08-04,none,2,48.00,USD,synthetic
google_ads,AW-16854695811,tag_received,conversion,America/Los_Angeles,2026-08-06,none,1,34.00,USD,synthetic
google_ads,AW-16854695811,tag_received,conversion,America/Los_Angeles,2026-08-07,none,1,34.00,USD,synthetic
google_ads,AW-16854695811,tag_received,conversion,America/Los_Angeles,2026-08-08,none,1,240.00,USD,synthetic
google_ads,AW-16854695811,tag_received,conversion,America/Los_Angeles,2026-08-10,none,1,34.00,USD,synthetic
linkedin,10481401,tag_received,conversion,UTC,2026-06-03,none,1,0.00,USD,synthetic
linkedin,10481401,tag_received,conversion,UTC,2026-06-04,none,1,0.00,USD,synthetic
linkedin,10481401,tag_received,conversion,UTC,2026-06-06,none,1,0.00,USD,synthetic
linkedin,10481401,tag_received,conversion,UTC,2026-06-10,none,2,0.00,USD,synthetic
linkedin,10481401,tag_received,conversion,UTC,2026-06-11,none,2,0.00,USD,synthetic
linkedin,10481401,tag_received,conversion,UTC,2026-06-12,none,1,0.00,USD,synthetic
linkedin,10481401,tag_received,conversion,UTC,2026-06-13,none,1,0.00,USD,synthetic
linkedin,10481401,tag_received,conversion,UTC,2026-06-15,none,2,0.00,USD,synthetic
linkedin,10481401,tag_received,conversion,UTC,2026-06-16,none,3,0.00,USD,synthetic
linkedin,10481401,tag_received,conversion,UTC,2026-06-17,none,4,0.00,USD,synthetic
linkedin,10481401,tag_received,conversion,UTC,2026-06-19,none,2,0.00,USD,synthetic
linkedin,10481401,tag_received,conversion,UTC,2026-06-20,none,4,0.00,USD,synthetic
linkedin,10481401,tag_received,conversion,UTC,2026-06-21,none,1,0.00,USD,synthetic
linkedin,10481401,tag_received,conversion,UTC,2026-06-22,none,2,0.00,USD,synthetic
linkedin,10481401,tag_received,conversion,UTC,2026-06-23,none,1,0.00,USD,synthetic
linkedin,10481401,tag_received,conversion,UTC,2026-06-26,none,1,0.00,USD,synthetic
linkedin,10481401,tag_received,conversion,UTC,2026-06-27,none,3,0.00,USD,synthetic
linkedin,10481401,tag_received,conversion,UTC,2026-06-29,none,2,0.00,USD,synthetic
linkedin,10481401,tag_received,conversion,UTC,2026-07-03,none,2,0.00,USD,synthetic
linkedin,10481401,tag_received,conversion,UTC,2026-07-04,none,4,0.00,USD,synthetic
linkedin,10481401,tag_received,conversion,UTC,2026-07-05,none,1,0.00,USD,synthetic
linkedin,10481401,tag_received,conversion,UTC,2026-07-06,none,2,0.00,USD,synthetic
linkedin,10481401,tag_received,conversion,UTC,2026-07-07,none,3,0.00,USD,synthetic
linkedin,10481401,tag_received,conversion,UTC,2026-07-09,none,1,0.00,USD,synthetic
linkedin,10481401,tag_received,conversion,UTC,2026-07-11,none,3,0.00,USD,synthetic
linkedin,10481401,tag_received,conversion,UTC,2026-07-12,none,1,0.00,USD,synthetic
linkedin,10481401,tag_received,conversion,UTC,2026-07-13,none,1,0.00,USD,synthetic
linkedin,10481401,tag_received,conversion,UTC,2026-07-14,none,2,0.00,USD,synthetic
linkedin,10481401,tag_received,conversion,UTC,2026-07-16,none,2,0.00,USD,synthetic
linkedin,10481401,tag_received,conversion,UTC,2026-07-17,none,2,0.00,USD,synthetic
linkedin,10481401,tag_received,conversion,UTC,2026-07-18,none,1,0.00,USD,synthetic
linkedin,10481401,tag_received,conversion,UTC,2026-07-19,none,5,0.00,USD,synthetic
linkedin,10481401,tag_received,conversion,UTC,2026-07-20,none,3,0.00,USD,synthetic
linkedin,10481401,tag_received,conversion,UTC,2026-07-21,none,1,0.00,USD,synthetic
linkedin,10481401,tag_received,conversion,UTC,2026-07-22,none,1,0.00,USD,synthetic
linkedin,10481401,tag_received,conversion,UTC,2026-07-23,none,1,0.00,USD,synthetic
linkedin,10481401,tag_received,conversion,UTC,2026-07-24,none,2,0.00,USD,synthetic
linkedin,10481401,tag_received,conversion,UTC,2026-07-25,none,3,0.00,USD,synthetic
linkedin,10481401,tag_received,conversion,UTC,2026-07-26,none,1,0.00,USD,synthetic
linkedin,10481401,tag_received,conversion,UTC,2026-07-27,none,3,0.00,USD,synthetic
linkedin,10481401,tag_received,conversion,UTC,2026-07-28,none,1,0.00,USD,synthetic
linkedin,10481401,tag_received,conversion,UTC,2026-07-29,none,2,0.00,USD,synthetic
linkedin,10481401,tag_received,conversion,UTC,2026-07-30,none,1,0.00,USD,synthetic
linkedin,10481401,tag_received,conversion,UTC,2026-07-31,none,2,0.00,USD,synthetic
linkedin,10481401,tag_received,conversion,UTC,2026-08-01,none,1,0.00,USD,synthetic
linkedin,10481401,tag_received,conversion,UTC,2026-08-02,none,1,0.00,USD,synthetic
linkedin,10481401,tag_received,conversion,UTC,2026-08-04,none,1,0.00,USD,synthetic
linkedin,10481401,tag_received,conversion,UTC,2026-08-05,none,1,0.00,USD,synthetic
linkedin,10481401,tag_received,conversion,UTC,2026-08-06,none,1,0.00,USD,synthetic
linkedin,10481401,tag_received,conversion,UTC,2026-08-07,none,1,0.00,USD,synthetic
linkedin,10481401,tag_received,conversion,UTC,2026-08-08,none,1,0.00,USD,synthetic
linkedin,10481401,tag_received,conversion,UTC,2026-08-11,none,1,0.00,USD,synthetic
meta,843671884361709,ads_attributed,conversion,America/Los_Angeles,2026-06-02,7d_click,1,61.25,USD,synthetic
meta,843671884361709,ads_attributed,conversion,America/Los_Angeles,2026-06-04,7d_click,1,2102.40,USD,synthetic
meta,843671884361709,ads_attributed,conversion,America/Los_Angeles,2026-06-09,7d_click,1,61.25,USD,synthetic
meta,843671884361709,ads_attributed,conversion,America/Los_Angeles,2026-06-11,7d_click,1,61.25,USD,synthetic
meta,843671884361709,ads_attributed,conversion,America/Los_Angeles,2026-07-05,7d_click,1,2102.40,USD,synthetic
meta,843671884361709,ads_attributed,conversion,America/Los_Angeles,2026-07-06,7d_click,1,151.20,USD,synthetic
meta,843671884361709,ads_attributed,conversion,America/Los_Angeles,2026-07-07,7d_click,1,148.75,USD,synthetic
meta,843671884361709,ads_attributed,conversion,America/Los_Angeles,2026-07-13,7d_click,1,61.25,USD,synthetic
meta,843671884361709,ads_attributed,conversion,America/Los_Angeles,2026-07-19,7d_click,2,2626.56,USD,synthetic
meta,843671884361709,ads_attributed,conversion,America/Los_Angeles,2026-07-20,7d_click,1,151.20,USD,synthetic
meta,843671884361709,tag_received,conversion,America/Los_Angeles,2026-06-02,none,1,61.25,USD,synthetic
meta,843671884361709,tag_received,conversion,America/Los_Angeles,2026-06-04,none,1,2102.40,USD,synthetic
meta,843671884361709,tag_received,conversion,America/Los_Angeles,2026-06-06,none,1,148.75,USD,synthetic
meta,843671884361709,tag_received,conversion,America/Los_Angeles,2026-06-09,none,1,61.25,USD,synthetic
meta,843671884361709,tag_received,conversion,America/Los_Angeles,2026-06-10,none,1,61.25,USD,synthetic
meta,843671884361709,tag_received,conversion,America/Los_Angeles,2026-06-11,none,2,212.45,USD,synthetic
meta,843671884361709,tag_received,conversion,America/Los_Angeles,2026-06-12,none,2,2163.65,USD,synthetic
meta,843671884361709,tag_received,conversion,America/Los_Angeles,2026-06-14,none,1,148.75,USD,synthetic
meta,843671884361709,tag_received,conversion,America/Los_Angeles,2026-06-15,none,1,151.20,USD,synthetic
meta,843671884361709,tag_received,conversion,America/Los_Angeles,2026-06-16,none,2,393.75,USD,synthetic
meta,843671884361709,tag_received,conversion,America/Los_Angeles,2026-06-17,none,4,2741.15,USD,synthetic
meta,843671884361709,tag_received,conversion,America/Los_Angeles,2026-06-19,none,2,2428.80,USD,synthetic
meta,843671884361709,tag_received,conversion,America/Los_Angeles,2026-06-20,none,4,603.75,USD,synthetic
meta,843671884361709,tag_received,conversion,America/Los_Angeles,2026-06-21,none,1,61.25,USD,synthetic
meta,843671884361709,tag_received,conversion,America/Los_Angeles,2026-06-22,none,2,585.41,USD,synthetic
meta,843671884361709,tag_received,conversion,America/Los_Angeles,2026-06-23,none,1,61.25,USD,synthetic
meta,843671884361709,tag_received,conversion,America/Los_Angeles,2026-06-26,none,1,524.16,USD,synthetic
meta,843671884361709,tag_received,conversion,America/Los_Angeles,2026-06-27,none,3,455.00,USD,synthetic
meta,843671884361709,tag_received,conversion,America/Los_Angeles,2026-06-28,none,2,210.00,USD,synthetic
meta,843671884361709,tag_received,conversion,America/Los_Angeles,2026-07-02,none,1,61.25,USD,synthetic
meta,843671884361709,tag_received,conversion,America/Los_Angeles,2026-07-03,none,2,212.45,USD,synthetic
meta,843671884361709,tag_received,conversion,America/Los_Angeles,2026-07-04,none,3,363.65,USD,synthetic
meta,843671884361709,tag_received,conversion,America/Los_Angeles,2026-07-05,none,2,2347.40,USD,synthetic
meta,843671884361709,tag_received,conversion,America/Los_Angeles,2026-07-06,none,2,675.36,USD,synthetic
meta,843671884361709,tag_received,conversion,America/Los_Angeles,2026-07-07,none,2,210.00,USD,synthetic
meta,843671884361709,tag_received,conversion,America/Los_Angeles,2026-07-09,none,1,245.00,USD,synthetic
meta,843671884361709,tag_received,conversion,America/Los_Angeles,2026-07-11,none,3,538.85,USD,synthetic
meta,843671884361709,tag_received,conversion,America/Los_Angeles,2026-07-12,none,1,148.75,USD,synthetic
meta,843671884361709,tag_received,conversion,America/Los_Angeles,2026-07-13,none,3,455.00,USD,synthetic
meta,843671884361709,tag_received,conversion,America/Los_Angeles,2026-07-15,none,1,61.25,USD,synthetic
meta,843671884361709,tag_received,conversion,America/Los_Angeles,2026-07-16,none,2,306.25,USD,synthetic
meta,843671884361709,tag_received,conversion,America/Los_Angeles,2026-07-17,none,1,326.40,USD,synthetic
meta,843671884361709,tag_received,conversion,America/Los_Angeles,2026-07-18,none,2,306.25,USD,synthetic
meta,843671884361709,tag_received,conversion,America/Los_Angeles,2026-07-19,none,4,3014.21,USD,synthetic
meta,843671884361709,tag_received,conversion,America/Los_Angeles,2026-07-20,none,4,871.35,USD,synthetic
meta,843671884361709,tag_received,conversion,America/Los_Angeles,2026-07-21,none,1,245.00,USD,synthetic
meta,843671884361709,tag_received,conversion,America/Los_Angeles,2026-07-23,none,1,151.20,USD,synthetic
meta,843671884361709,tag_received,conversion,America/Los_Angeles,2026-07-24,none,4,979.16,USD,synthetic
meta,843671884361709,tag_received,conversion,America/Los_Angeles,2026-07-25,none,1,326.40,USD,synthetic
meta,843671884361709,tag_received,conversion,America/Los_Angeles,2026-07-26,none,2,1201.20,USD,synthetic
meta,843671884361709,tag_received,conversion,America/Los_Angeles,2026-07-27,none,2,212.45,USD,synthetic
meta,843671884361709,tag_received,conversion,America/Los_Angeles,2026-07-28,none,1,148.75,USD,synthetic
meta,843671884361709,tag_received,conversion,America/Los_Angeles,2026-07-29,none,2,672.91,USD,synthetic
meta,843671884361709,tag_received,conversion,America/Los_Angeles,2026-07-30,none,2,1111.25,USD,synthetic
meta,843671884361709,tag_received,conversion,America/Los_Angeles,2026-07-31,none,1,148.75,USD,synthetic
meta,843671884361709,tag_received,conversion,America/Los_Angeles,2026-08-01,none,2,297.50,USD,synthetic
meta,843671884361709,tag_received,conversion,America/Los_Angeles,2026-08-04,none,2,210.00,USD,synthetic
meta,843671884361709,tag_received,conversion,America/Los_Angeles,2026-08-06,none,1,148.75,USD,synthetic
meta,843671884361709,tag_received,conversion,America/Los_Angeles,2026-08-07,none,1,148.75,USD,synthetic
meta,843671884361709,tag_received,conversion,America/Los_Angeles,2026-08-08,none,1,1050.00,USD,synthetic
meta,843671884361709,tag_received,conversion,America/Los_Angeles,2026-08-10,none,1,148.75,USD,synthetic
microsoft,187107444,tag_received,conversion,America/Los_Angeles,2026-06-02,none,1,14.00,USD,synthetic
microsoft,187107444,tag_received,conversion,America/Los_Angeles,2026-06-04,none,1,2102.40,USD,synthetic
microsoft,187107444,tag_received,conversion,America/Los_Angeles,2026-06-06,none,1,34.00,USD,synthetic
microsoft,187107444,tag_received,conversion,America/Los_Angeles,2026-06-09,none,1,14.00,USD,synthetic
microsoft,187107444,tag_received,conversion,America/Los_Angeles,2026-06-10,none,1,14.00,USD,synthetic
microsoft,187107444,tag_received,conversion,America/Los_Angeles,2026-06-11,none,2,165.20,USD,synthetic
microsoft,187107444,tag_received,conversion,America/Los_Angeles,2026-06-12,none,2,2116.40,USD,synthetic
microsoft,187107444,tag_received,conversion,America/Los_Angeles,2026-06-14,none,2,68.00,USD,synthetic
microsoft,187107444,tag_received,conversion,America/Los_Angeles,2026-06-15,none,1,151.20,USD,synthetic
microsoft,187107444,tag_received,conversion,America/Los_Angeles,2026-06-16,none,2,90.00,USD,synthetic
microsoft,187107444,tag_received,conversion,America/Los_Angeles,2026-06-17,none,4,2248.40,USD,synthetic
microsoft,187107444,tag_received,conversion,America/Los_Angeles,2026-06-19,none,2,2428.80,USD,synthetic
microsoft,187107444,tag_received,conversion,America/Los_Angeles,2026-06-20,none,4,138.00,USD,synthetic
microsoft,187107444,tag_received,conversion,America/Los_Angeles,2026-06-21,none,1,14.00,USD,synthetic
microsoft,187107444,tag_received,conversion,America/Los_Angeles,2026-06-22,none,2,538.16,USD,synthetic
microsoft,187107444,tag_received,conversion,America/Los_Angeles,2026-06-23,none,1,14.00,USD,synthetic
microsoft,187107444,tag_received,conversion,America/Los_Angeles,2026-06-26,none,1,524.16,USD,synthetic
microsoft,187107444,tag_received,conversion,America/Los_Angeles,2026-06-27,none,3,104.00,USD,synthetic
microsoft,187107444,tag_received,conversion,America/Los_Angeles,2026-06-28,none,2,48.00,USD,synthetic
microsoft,187107444,tag_received,conversion,America/Los_Angeles,2026-07-02,none,1,14.00,USD,synthetic
microsoft,187107444,tag_received,conversion,America/Los_Angeles,2026-07-03,none,2,165.20,USD,synthetic
microsoft,187107444,tag_received,conversion,America/Los_Angeles,2026-07-04,none,3,316.40,USD,synthetic
microsoft,187107444,tag_received,conversion,America/Los_Angeles,2026-07-05,none,2,2158.40,USD,synthetic
microsoft,187107444,tag_received,conversion,America/Los_Angeles,2026-07-06,none,2,675.36,USD,synthetic
microsoft,187107444,tag_received,conversion,America/Los_Angeles,2026-07-07,none,2,48.00,USD,synthetic
microsoft,187107444,tag_received,conversion,America/Los_Angeles,2026-07-09,none,1,56.00,USD,synthetic
microsoft,187107444,tag_received,conversion,America/Los_Angeles,2026-07-11,none,3,491.60,USD,synthetic
microsoft,187107444,tag_received,conversion,America/Los_Angeles,2026-07-12,none,1,34.00,USD,synthetic
microsoft,187107444,tag_received,conversion,America/Los_Angeles,2026-07-13,none,3,104.00,USD,synthetic
microsoft,187107444,tag_received,conversion,America/Los_Angeles,2026-07-15,none,1,14.00,USD,synthetic
microsoft,187107444,tag_received,conversion,America/Los_Angeles,2026-07-16,none,2,70.00,USD,synthetic
microsoft,187107444,tag_received,conversion,America/Los_Angeles,2026-07-17,none,1,326.40,USD,synthetic
microsoft,187107444,tag_received,conversion,America/Los_Angeles,2026-07-18,none,2,70.00,USD,synthetic
microsoft,187107444,tag_received,conversion,America/Los_Angeles,2026-07-19,none,4,2966.96,USD,synthetic
microsoft,187107444,tag_received,conversion,America/Los_Angeles,2026-07-20,none,4,567.60,USD,synthetic
microsoft,187107444,tag_received,conversion,America/Los_Angeles,2026-07-21,none,1,56.00,USD,synthetic
microsoft,187107444,tag_received,conversion,America/Los_Angeles,2026-07-23,none,1,151.20,USD,synthetic
microsoft,187107444,tag_received,conversion,America/Los_Angeles,2026-07-24,none,4,628.16,USD,synthetic
microsoft,187107444,tag_received,conversion,America/Los_Angeles,2026-07-25,none,1,326.40,USD,synthetic
microsoft,187107444,tag_received,conversion,America/Los_Angeles,2026-07-26,none,2,391.20,USD,synthetic
microsoft,187107444,tag_received,conversion,America/Los_Angeles,2026-07-27,none,2,165.20,USD,synthetic
microsoft,187107444,tag_received,conversion,America/Los_Angeles,2026-07-28,none,1,34.00,USD,synthetic
microsoft,187107444,tag_received,conversion,America/Los_Angeles,2026-07-29,none,2,558.16,USD,synthetic
microsoft,187107444,tag_received,conversion,America/Los_Angeles,2026-07-30,none,2,254.00,USD,synthetic
microsoft,187107444,tag_received,conversion,America/Los_Angeles,2026-07-31,none,1,34.00,USD,synthetic
microsoft,187107444,tag_received,conversion,America/Los_Angeles,2026-08-01,none,2,68.00,USD,synthetic
microsoft,187107444,tag_received,conversion,America/Los_Angeles,2026-08-04,none,2,48.00,USD,synthetic
microsoft,187107444,tag_received,conversion,America/Los_Angeles,2026-08-06,none,1,34.00,USD,synthetic
microsoft,187107444,tag_received,conversion,America/Los_Angeles,2026-08-07,none,1,34.00,USD,synthetic
microsoft,187107444,tag_received,conversion,America/Los_Angeles,2026-08-08,none,1,240.00,USD,synthetic
microsoft,187107444,tag_received,conversion,America/Los_Angeles,2026-08-10,none,1,34.00,USD,synthetic
reddit,a2_j6xo78gpljnf,tag_received,conversion,America/Los_Angeles,2026-06-02,none,1,14.00,USD,synthetic
reddit,a2_j6xo78gpljnf,tag_received,conversion,America/Los_Angeles,2026-06-04,none,1,2102.40,USD,synthetic
reddit,a2_j6xo78gpljnf,tag_received,conversion,America/Los_Angeles,2026-06-06,none,1,34.00,USD,synthetic
reddit,a2_j6xo78gpljnf,tag_received,conversion,America/Los_Angeles,2026-06-09,none,1,14.00,USD,synthetic
reddit,a2_j6xo78gpljnf,tag_received,conversion,America/Los_Angeles,2026-06-10,none,1,14.00,USD,synthetic
reddit,a2_j6xo78gpljnf,tag_received,conversion,America/Los_Angeles,2026-06-11,none,2,165.20,USD,synthetic
reddit,a2_j6xo78gpljnf,tag_received,conversion,America/Los_Angeles,2026-06-12,none,2,2116.40,USD,synthetic
reddit,a2_j6xo78gpljnf,tag_received,conversion,America/Los_Angeles,2026-06-14,none,2,68.00,USD,synthetic
reddit,a2_j6xo78gpljnf,tag_received,conversion,America/Los_Angeles,2026-06-15,none,1,151.20,USD,synthetic
reddit,a2_j6xo78gpljnf,tag_received,conversion,America/Los_Angeles,2026-06-16,none,2,90.00,USD,synthetic
reddit,a2_j6xo78gpljnf,tag_received,conversion,America/Los_Angeles,2026-06-17,none,4,2248.40,USD,synthetic
reddit,a2_j6xo78gpljnf,tag_received,conversion,America/Los_Angeles,2026-06-19,none,2,2428.80,USD,synthetic
reddit,a2_j6xo78gpljnf,tag_received,conversion,America/Los_Angeles,2026-06-20,none,4,138.00,USD,synthetic
reddit,a2_j6xo78gpljnf,tag_received,conversion,America/Los_Angeles,2026-06-21,none,1,14.00,USD,synthetic
reddit,a2_j6xo78gpljnf,tag_received,conversion,America/Los_Angeles,2026-06-22,none,2,538.16,USD,synthetic
reddit,a2_j6xo78gpljnf,tag_received,conversion,America/Los_Angeles,2026-06-23,none,1,14.00,USD,synthetic
reddit,a2_j6xo78gpljnf,tag_received,conversion,America/Los_Angeles,2026-06-26,none,1,524.16,USD,synthetic
reddit,a2_j6xo78gpljnf,tag_received,conversion,America/Los_Angeles,2026-06-27,none,3,104.00,USD,synthetic
reddit,a2_j6xo78gpljnf,tag_received,conversion,America/Los_Angeles,2026-06-28,none,2,48.00,USD,synthetic
reddit,a2_j6xo78gpljnf,tag_received,conversion,America/Los_Angeles,2026-07-02,none,1,14.00,USD,synthetic
reddit,a2_j6xo78gpljnf,tag_received,conversion,America/Los_Angeles,2026-07-03,none,2,165.20,USD,synthetic
reddit,a2_j6xo78gpljnf,tag_received,conversion,America/Los_Angeles,2026-07-04,none,3,316.40,USD,synthetic
reddit,a2_j6xo78gpljnf,tag_received,conversion,America/Los_Angeles,2026-07-05,none,2,2158.40,USD,synthetic
reddit,a2_j6xo78gpljnf,tag_received,conversion,America/Los_Angeles,2026-07-06,none,2,675.36,USD,synthetic
reddit,a2_j6xo78gpljnf,tag_received,conversion,America/Los_Angeles,2026-07-07,none,2,48.00,USD,synthetic
reddit,a2_j6xo78gpljnf,tag_received,conversion,America/Los_Angeles,2026-07-09,none,1,56.00,USD,synthetic
reddit,a2_j6xo78gpljnf,tag_received,conversion,America/Los_Angeles,2026-07-11,none,3,491.60,USD,synthetic
reddit,a2_j6xo78gpljnf,tag_received,conversion,America/Los_Angeles,2026-07-12,none,1,34.00,USD,synthetic
reddit,a2_j6xo78gpljnf,tag_received,conversion,America/Los_Angeles,2026-07-13,none,3,104.00,USD,synthetic
reddit,a2_j6xo78gpljnf,tag_received,conversion,America/Los_Angeles,2026-07-15,none,1,14.00,USD,synthetic
reddit,a2_j6xo78gpljnf,tag_received,conversion,America/Los_Angeles,2026-07-16,none,2,70.00,USD,synthetic
reddit,a2_j6xo78gpljnf,tag_received,conversion,America/Los_Angeles,2026-07-17,none,1,326.40,USD,synthetic
reddit,a2_j6xo78gpljnf,tag_received,conversion,America/Los_Angeles,2026-07-18,none,2,70.00,USD,synthetic
reddit,a2_j6xo78gpljnf,tag_received,conversion,America/Los_Angeles,2026-07-19,none,4,2966.96,USD,synthetic
reddit,a2_j6xo78gpljnf,tag_received,conversion,America/Los_Angeles,2026-07-20,none,4,567.60,USD,synthetic
reddit,a2_j6xo78gpljnf,tag_received,conversion,America/Los_Angeles,2026-07-21,none,1,56.00,USD,synthetic
reddit,a2_j6xo78gpljnf,tag_received,conversion,America/Los_Angeles,2026-07-23,none,1,151.20,USD,synthetic
reddit,a2_j6xo78gpljnf,tag_received,conversion,America/Los_Angeles,2026-07-24,none,4,628.16,USD,synthetic
reddit,a2_j6xo78gpljnf,tag_received,conversion,America/Los_Angeles,2026-07-25,none,1,326.40,USD,synthetic
reddit,a2_j6xo78gpljnf,tag_received,conversion,America/Los_Angeles,2026-07-26,none,2,391.20,USD,synthetic
reddit,a2_j6xo78gpljnf,tag_received,conversion,America/Los_Angeles,2026-07-27,none,2,165.20,USD,synthetic
reddit,a2_j6xo78gpljnf,tag_received,conversion,America/Los_Angeles,2026-07-28,none,1,34.00,USD,synthetic
reddit,a2_j6xo78gpljnf,tag_received,conversion,America/Los_Angeles,2026-07-29,none,2,558.16,USD,synthetic
reddit,a2_j6xo78gpljnf,tag_received,conversion,America/Los_Angeles,2026-07-30,none,2,254.00,USD,synthetic
reddit,a2_j6xo78gpljnf,tag_received,conversion,America/Los_Angeles,2026-07-31,none,1,34.00,USD,synthetic
reddit,a2_j6xo78gpljnf,tag_received,conversion,America/Los_Angeles,2026-08-01,none,2,68.00,USD,synthetic
reddit,a2_j6xo78gpljnf,tag_received,conversion,America/Los_Angeles,2026-08-04,none,2,48.00,USD,synthetic
reddit,a2_j6xo78gpljnf,tag_received,conversion,America/Los_Angeles,2026-08-06,none,1,34.00,USD,synthetic
reddit,a2_j6xo78gpljnf,tag_received,conversion,America/Los_Angeles,2026-08-07,none,1,34.00,USD,synthetic
reddit,a2_j6xo78gpljnf,tag_received,conversion,America/Los_Angeles,2026-08-08,none,1,240.00,USD,synthetic
reddit,a2_j6xo78gpljnf,tag_received,conversion,America/Los_Angeles,2026-08-10,none,1,34.00,USD,synthetic
tiktok,D9QOQ5JC77U6RO6J21IG,ads_attributed,conversion,UTC,2026-06-06,7d_click,1,148.75,USD,synthetic
tiktok,D9QOQ5JC77U6RO6J21IG,ads_attributed,conversion,UTC,2026-06-10,7d_click,1,61.25,USD,synthetic
tiktok,D9QOQ5JC77U6RO6J21IG,ads_attributed,conversion,UTC,2026-06-16,7d_click,1,151.20,USD,synthetic
tiktok,D9QOQ5JC77U6RO6J21IG,ads_attributed,conversion,UTC,2026-06-19,7d_click,1,2102.40,USD,synthetic
tiktok,D9QOQ5JC77U6RO6J21IG,ads_attributed,conversion,UTC,2026-06-29,7d_click,1,61.25,USD,synthetic
tiktok,D9QOQ5JC77U6RO6J21IG,ads_attributed,conversion,UTC,2026-07-30,7d_click,1,61.25,USD,synthetic
tiktok,D9QOQ5JC77U6RO6J21IG,tag_received,conversion,UTC,2026-06-03,none,1,61.25,USD,synthetic
tiktok,D9QOQ5JC77U6RO6J21IG,tag_received,conversion,UTC,2026-06-04,none,1,2102.40,USD,synthetic
tiktok,D9QOQ5JC77U6RO6J21IG,tag_received,conversion,UTC,2026-06-06,none,1,148.75,USD,synthetic
tiktok,D9QOQ5JC77U6RO6J21IG,tag_received,conversion,UTC,2026-06-10,none,2,122.50,USD,synthetic
tiktok,D9QOQ5JC77U6RO6J21IG,tag_received,conversion,UTC,2026-06-11,none,2,212.45,USD,synthetic
tiktok,D9QOQ5JC77U6RO6J21IG,tag_received,conversion,UTC,2026-06-12,none,1,2102.40,USD,synthetic
tiktok,D9QOQ5JC77U6RO6J21IG,tag_received,conversion,UTC,2026-06-13,none,1,61.25,USD,synthetic
tiktok,D9QOQ5JC77U6RO6J21IG,tag_received,conversion,UTC,2026-06-15,none,1,148.75,USD,synthetic
tiktok,D9QOQ5JC77U6RO6J21IG,tag_received,conversion,UTC,2026-06-16,none,3,544.95,USD,synthetic
tiktok,D9QOQ5JC77U6RO6J21IG,tag_received,conversion,UTC,2026-06-17,none,4,2741.15,USD,synthetic
tiktok,D9QOQ5JC77U6RO6J21IG,tag_received,conversion,UTC,2026-06-19,none,2,2428.80,USD,synthetic
tiktok,D9QOQ5JC77U6RO6J21IG,tag_received,conversion,UTC,2026-06-20,none,4,603.75,USD,synthetic
tiktok,D9QOQ5JC77U6RO6J21IG,tag_received,conversion,UTC,2026-06-21,none,1,61.25,USD,synthetic
tiktok,D9QOQ5JC77U6RO6J21IG,tag_received,conversion,UTC,2026-06-22,none,2,585.41,USD,synthetic
tiktok,D9QOQ5JC77U6RO6J21IG,tag_received,conversion,UTC,2026-06-23,none,1,61.25,USD,synthetic
tiktok,D9QOQ5JC77U6RO6J21IG,tag_received,conversion,UTC,2026-06-26,none,1,524.16,USD,synthetic
tiktok,D9QOQ5JC77U6RO6J21IG,tag_received,conversion,UTC,2026-06-27,none,3,455.00,USD,synthetic
tiktok,D9QOQ5JC77U6RO6J21IG,tag_received,conversion,UTC,2026-06-29,none,2,210.00,USD,synthetic
tiktok,D9QOQ5JC77U6RO6J21IG,tag_received,conversion,UTC,2026-07-03,none,2,122.50,USD,synthetic
tiktok,D9QOQ5JC77U6RO6J21IG,tag_received,conversion,UTC,2026-07-04,none,4,514.85,USD,synthetic
tiktok,D9QOQ5JC77U6RO6J21IG,tag_received,conversion,UTC,2026-07-05,none,1,245.00,USD,synthetic
tiktok,D9QOQ5JC77U6RO6J21IG,tag_received,conversion,UTC,2026-07-06,none,2,2253.60,USD,synthetic
tiktok,D9QOQ5JC77U6RO6J21IG,tag_received,conversion,UTC,2026-07-07,none,3,734.16,USD,synthetic
tiktok,D9QOQ5JC77U6RO6J21IG,tag_received,conversion,UTC,2026-07-09,none,1,245.00,USD,synthetic
tiktok,D9QOQ5JC77U6RO6J21IG,tag_received,conversion,UTC,2026-07-11,none,3,538.85,USD,synthetic
tiktok,D9QOQ5JC77U6RO6J21IG,tag_received,conversion,UTC,2026-07-12,none,1,148.75,USD,synthetic
tiktok,D9QOQ5JC77U6RO6J21IG,tag_received,conversion,UTC,2026-07-13,none,1,61.25,USD,synthetic
tiktok,D9QOQ5JC77U6RO6J21IG,tag_received,conversion,UTC,2026-07-14,none,2,393.75,USD,synthetic
tiktok,D9QOQ5JC77U6RO6J21IG,tag_received,conversion,UTC,2026-07-16,none,2,122.50,USD,synthetic
tiktok,D9QOQ5JC77U6RO6J21IG,tag_received,conversion,UTC,2026-07-17,none,2,571.40,USD,synthetic
tiktok,D9QOQ5JC77U6RO6J21IG,tag_received,conversion,UTC,2026-07-18,none,1,61.25,USD,synthetic
tiktok,D9QOQ5JC77U6RO6J21IG,tag_received,conversion,UTC,2026-07-19,none,5,3259.21,USD,synthetic
tiktok,D9QOQ5JC77U6RO6J21IG,tag_received,conversion,UTC,2026-07-20,none,3,720.15,USD,synthetic
tiktok,D9QOQ5JC77U6RO6J21IG,tag_received,conversion,UTC,2026-07-21,none,1,151.20,USD,synthetic
tiktok,D9QOQ5JC77U6RO6J21IG,tag_received,conversion,UTC,2026-07-22,none,1,245.00,USD,synthetic
tiktok,D9QOQ5JC77U6RO6J21IG,tag_received,conversion,UTC,2026-07-23,none,1,151.20,USD,synthetic
tiktok,D9QOQ5JC77U6RO6J21IG,tag_received,conversion,UTC,2026-07-24,none,2,585.41,USD,synthetic
tiktok,D9QOQ5JC77U6RO6J21IG,tag_received,conversion,UTC,2026-07-25,none,3,720.15,USD,synthetic
tiktok,D9QOQ5JC77U6RO6J21IG,tag_received,conversion,UTC,2026-07-26,none,1,1050.00,USD,synthetic
tiktok,D9QOQ5JC77U6RO6J21IG,tag_received,conversion,UTC,2026-07-27,none,3,363.65,USD,synthetic
tiktok,D9QOQ5JC77U6RO6J21IG,tag_received,conversion,UTC,2026-07-28,none,1,148.75,USD,synthetic
tiktok,D9QOQ5JC77U6RO6J21IG,tag_received,conversion,UTC,2026-07-29,none,2,672.91,USD,synthetic
tiktok,D9QOQ5JC77U6RO6J21IG,tag_received,conversion,UTC,2026-07-30,none,1,61.25,USD,synthetic
tiktok,D9QOQ5JC77U6RO6J21IG,tag_received,conversion,UTC,2026-07-31,none,2,1198.75,USD,synthetic
tiktok,D9QOQ5JC77U6RO6J21IG,tag_received,conversion,UTC,2026-08-01,none,1,148.75,USD,synthetic
tiktok,D9QOQ5JC77U6RO6J21IG,tag_received,conversion,UTC,2026-08-02,none,1,148.75,USD,synthetic
tiktok,D9QOQ5JC77U6RO6J21IG,tag_received,conversion,UTC,2026-08-04,none,1,148.75,USD,synthetic
tiktok,D9QOQ5JC77U6RO6J21IG,tag_received,conversion,UTC,2026-08-05,none,1,61.25,USD,synthetic
tiktok,D9QOQ5JC77U6RO6J21IG,tag_received,conversion,UTC,2026-08-06,none,1,148.75,USD,synthetic
tiktok,D9QOQ5JC77U6RO6J21IG,tag_received,conversion,UTC,2026-08-07,none,1,148.75,USD,synthetic
tiktok,D9QOQ5JC77U6RO6J21IG,tag_received,conversion,UTC,2026-08-08,none,1,1050.00,USD,synthetic
tiktok,D9QOQ5JC77U6RO6J21IG,tag_received,conversion,UTC,2026-08-11,none,1,148.75,USD,synthetic
x,qwghh,tag_received,conversion,UTC,2026-06-03,none,2,28.00,USD,synthetic
x,qwghh,tag_received,conversion,UTC,2026-06-04,none,2,4204.80,USD,synthetic
x,qwghh,tag_received,conversion,UTC,2026-06-06,none,2,68.00,USD,synthetic
x,qwghh,tag_received,conversion,UTC,2026-06-10,none,4,56.00,USD,synthetic
x,qwghh,tag_received,conversion,UTC,2026-06-11,none,4,330.40,USD,synthetic
x,qwghh,tag_received,conversion,UTC,2026-06-12,none,2,4204.80,USD,synthetic
x,qwghh,tag_received,conversion,UTC,2026-06-13,none,2,28.00,USD,synthetic
x,qwghh,tag_received,conversion,UTC,2026-06-15,none,4,136.00,USD,synthetic
x,qwghh,tag_received,conversion,UTC,2026-06-16,none,6,482.40,USD,synthetic
x,qwghh,tag_received,conversion,UTC,2026-06-17,none,8,4496.80,USD,synthetic
x,qwghh,tag_received,conversion,UTC,2026-06-19,none,4,4857.60,USD,synthetic
x,qwghh,tag_received,conversion,UTC,2026-06-20,none,8,276.00,USD,synthetic
x,qwghh,tag_received,conversion,UTC,2026-06-21,none,2,28.00,USD,synthetic
x,qwghh,tag_received,conversion,UTC,2026-06-22,none,4,1076.32,USD,synthetic
x,qwghh,tag_received,conversion,UTC,2026-06-23,none,2,28.00,USD,synthetic
x,qwghh,tag_received,conversion,UTC,2026-06-26,none,2,1048.32,USD,synthetic
x,qwghh,tag_received,conversion,UTC,2026-06-27,none,6,208.00,USD,synthetic
x,qwghh,tag_received,conversion,UTC,2026-06-29,none,4,96.00,USD,synthetic
x,qwghh,tag_received,conversion,UTC,2026-07-03,none,4,56.00,USD,synthetic
x,qwghh,tag_received,conversion,UTC,2026-07-04,none,8,935.20,USD,synthetic
x,qwghh,tag_received,conversion,UTC,2026-07-05,none,2,112.00,USD,synthetic
x,qwghh,tag_received,conversion,UTC,2026-07-06,none,4,4507.20,USD,synthetic
x,qwghh,tag_received,conversion,UTC,2026-07-07,none,6,1144.32,USD,synthetic
x,qwghh,tag_received,conversion,UTC,2026-07-09,none,2,112.00,USD,synthetic
x,qwghh,tag_received,conversion,UTC,2026-07-11,none,6,983.20,USD,synthetic
x,qwghh,tag_received,conversion,UTC,2026-07-12,none,2,68.00,USD,synthetic
x,qwghh,tag_received,conversion,UTC,2026-07-13,none,2,28.00,USD,synthetic
x,qwghh,tag_received,conversion,UTC,2026-07-14,none,4,180.00,USD,synthetic
x,qwghh,tag_received,conversion,UTC,2026-07-16,none,4,56.00,USD,synthetic
x,qwghh,tag_received,conversion,UTC,2026-07-17,none,4,764.80,USD,synthetic
x,qwghh,tag_received,conversion,UTC,2026-07-18,none,2,28.00,USD,synthetic
x,qwghh,tag_received,conversion,UTC,2026-07-19,none,10,6045.92,USD,synthetic
x,qwghh,tag_received,conversion,UTC,2026-07-20,none,6,832.80,USD,synthetic
x,qwghh,tag_received,conversion,UTC,2026-07-21,none,2,302.40,USD,synthetic
x,qwghh,tag_received,conversion,UTC,2026-07-22,none,2,112.00,USD,synthetic
x,qwghh,tag_received,conversion,UTC,2026-07-23,none,2,302.40,USD,synthetic
x,qwghh,tag_received,conversion,UTC,2026-07-24,none,4,1076.32,USD,synthetic
x,qwghh,tag_received,conversion,UTC,2026-07-25,none,6,832.80,USD,synthetic
x,qwghh,tag_received,conversion,UTC,2026-07-26,none,2,480.00,USD,synthetic
x,qwghh,tag_received,conversion,UTC,2026-07-27,none,6,632.80,USD,synthetic
x,qwghh,tag_received,conversion,UTC,2026-07-28,none,2,68.00,USD,synthetic
x,qwghh,tag_received,conversion,UTC,2026-07-29,none,4,1116.32,USD,synthetic
x,qwghh,tag_received,conversion,UTC,2026-07-30,none,2,28.00,USD,synthetic
x,qwghh,tag_received,conversion,UTC,2026-07-31,none,4,548.00,USD,synthetic
x,qwghh,tag_received,conversion,UTC,2026-08-01,none,2,68.00,USD,synthetic
x,qwghh,tag_received,conversion,UTC,2026-08-02,none,2,68.00,USD,synthetic
x,qwghh,tag_received,conversion,UTC,2026-08-04,none,2,68.00,USD,synthetic
x,qwghh,tag_received,conversion,UTC,2026-08-05,none,2,28.00,USD,synthetic
x,qwghh,tag_received,conversion,UTC,2026-08-06,none,2,68.00,USD,synthetic
x,qwghh,tag_received,conversion,UTC,2026-08-07,none,2,68.00,USD,synthetic
x,qwghh,tag_received,conversion,UTC,2026-08-08,none,2,480.00,USD,synthetic
x,qwghh,tag_received,conversion,UTC,2026-08-11,none,2,68.00,USD,synthetic
