flag_key,arm,allocation_slice,valid_from,valid_to,assignment_probability,data_origin
suite-default-model-create-image,nano-banana-pro,bandit,2026-06-01,,0.25,SYNTHETIC: the cohort generator's equal split (contracts cohort params armWeights)
suite-default-model-create-image,gpt-image-2-5,bandit,2026-06-01,,0.25,SYNTHETIC: the cohort generator's equal split (contracts cohort params armWeights)
suite-default-model-create-image,nano-banana-2,bandit,2026-06-01,,0.25,SYNTHETIC: the cohort generator's equal split (contracts cohort params armWeights)
suite-default-model-create-image,gpt-image-2,bandit,2026-06-01,,0.25,SYNTHETIC: the cohort generator's equal split (contracts cohort params armWeights)
suite-default-model-create-image,nano-banana-pro,holdout,2026-06-01,,0.25,SYNTHETIC: the cohort generator's equal split (contracts cohort params armWeights)
suite-default-model-create-image,gpt-image-2-5,holdout,2026-06-01,,0.25,SYNTHETIC: the cohort generator's equal split (contracts cohort params armWeights)
suite-default-model-create-image,nano-banana-2,holdout,2026-06-01,,0.25,SYNTHETIC: the cohort generator's equal split (contracts cohort params armWeights)
suite-default-model-create-image,gpt-image-2,holdout,2026-06-01,,0.25,SYNTHETIC: the cohort generator's equal split (contracts cohort params armWeights)
suite-default-model-create-video,byte-plus-seedance-2,bandit,2026-06-01,,0.333333333,SYNTHETIC: the cohort generator's equal split (contracts cohort params armWeights)
suite-default-model-create-video,byte-plus-seedance-2-5,bandit,2026-06-01,,0.333333333,SYNTHETIC: the cohort generator's equal split (contracts cohort params armWeights)
suite-default-model-create-video,wan3-0,bandit,2026-06-01,,0.333333334,SYNTHETIC: the cohort generator's equal split (contracts cohort params armWeights)
suite-default-model-create-video,byte-plus-seedance-2,holdout,2026-06-01,,0.333333333,SYNTHETIC: the cohort generator's equal split (contracts cohort params armWeights)
suite-default-model-create-video,byte-plus-seedance-2-5,holdout,2026-06-01,,0.333333333,SYNTHETIC: the cohort generator's equal split (contracts cohort params armWeights)
suite-default-model-create-video,wan3-0,holdout,2026-06-01,,0.333333334,SYNTHETIC: the cohort generator's equal split (contracts cohort params armWeights)
