iso2,region_group
AT,EU27
BE,EU27
BG,EU27
HR,EU27
CY,EU27
CZ,EU27
DK,EU27
EE,EU27
FI,EU27
FR,EU27
DE,EU27
GR,EU27
HU,EU27
IE,EU27
IT,EU27
LV,EU27
LT,EU27
LU,EU27
MT,EU27
NL,EU27
PL,EU27
PT,EU27
RO,EU27
SK,EU27
SI,EU27
ES,EU27
SE,EU27
IS,EEA_EFTA
LI,EEA_EFTA
NO,EEA_EFTA
RE,EU_SPECIAL_TERRITORY
GF,EU_SPECIAL_TERRITORY
GP,EU_SPECIAL_TERRITORY
MQ,EU_SPECIAL_TERRITORY
YT,EU_SPECIAL_TERRITORY
MF,EU_SPECIAL_TERRITORY
AX,EU_SPECIAL_TERRITORY
IC,EU_SPECIAL_TERRITORY
EA,EU_SPECIAL_TERRITORY
GB,EEA_ADJACENT
UK,EEA_ADJACENT
CH,EEA_ADJACENT
