canonical_event,platform,send,delivery,status,platform_event_name,destination,action_source,dedup_key_field,dedup_key_template,value_field,currency_field,user_data_fields,click_id_fields,consent_fields,event_time_field,max_event_age_days,browser_twin,requires_web_fix,notes,sources
signup,google_ads,true,server_event,server_only,AW-11252321380/rVk2CJ7Ot8EZEOSYw_Up,AW-11252321380 conversion action (Google Data Manager API ingestEvents),,transactionId,reg_{user_id},,,"userData.userIdentifiers[].emailAddress (SHA-256 hex, google_ads normalisation) | userData.userIdentifiers[].phoneNumber (SHA-256, E.164)",adIdentifiers.gclid | adIdentifiers.gbraid | adIdentifiers.wbraid,consent.adUserData | consent.adPersonalization,eventTimestamp,90,"{""event"":""new_user_signed_up (GTM tag 17)"",""id_template"":null,""id_hashed"":false,""value_sent"":""value=0, auto oid GG_<random>"",""scope"":""never fires: nothing emits new_user_signed_up"",""evidence"":""research/11 claim 1""}",false,"The browser tag is dead, so the server event is the only signup Google gets. If web-fixes revives the trigger, it must also set orderId reg_<uid>, or the two will double count.",research/08 §1.2-§1.4 | https://developers.google.com/data-manager/api/devguides/events/google-ads/online/send-events
signup,meta,true,server_event,twin_observed,CompleteRegistration,"pixel 843671884361709 via Conversions API (direct, or the existing CAPI Gateway /capi/{pixel}/events)",website,event_id,reg_{user_id},,,"user_data.em (SHA-256, trim+lowercase) | user_data.ph (SHA-256, digits with country code) | user_data.external_id (SHA-256 of the LOWER-CASED uid, as the pixel sends) | user_data.fbp | user_data.client_ip_address | user_data.client_user_agent","user_data.fbc (fb.1.<fbclid_created_at ms>.<fbclid>, never hashed)",data_processing_options (LDU) | opt_out,event_time,7,"{""event"":""fbq track CompleteRegistration"",""id_template"":""reg_{user_id}"",""id_hashed"":false,""value_sent"":""none"",""scope"":""every signup (oa_pixel_signup_uid cookie)"",""evidence"":""research/02 §3.4""}",false,"Same event_name + event_id as the pixel: Meta dedupes within 48 h, keeping the first received.",research/08 §2.1-§2.4 | https://developers.facebook.com/docs/marketing-api/conversions-api/parameters/server-event
signup,tiktok,true,server_event,twin_observed,CompleteRegistration,"Events API 2.0 POST /open_api/v1.3/event/track/, event_source=web, event_source_id=D9QOQ5JC77U6RO6J21IG",,event_id,reg_{user_id},,,"user.email (SHA-256, trim+lowercase) | user.phone (SHA-256, E.164) | user.external_id (SHA-256) | user.ttp (_ttp cookie) | user.ip | user.user_agent",user.ttclid,limited_data_use,event_time,,"{""event"":""CompleteRegistration (GTM tag 79)"",""id_template"":null,""id_hashed"":false,""value_sent"":""none"",""scope"":""every signup"",""evidence"":""research/11 §3.1 (sealed replay of GTM-56CMP8K v25): event_id \""\""""}",true,"The browser sends event_id """", so a server event_id cannot match; set event_id reg_<uid> in the tag first.",research/08 B3 TikTok | https://business-api.tiktok.com/portal/docs?id=1771101303285761
signup,reddit,true,server_event,twin_observed,SIGN_UP,CAPI v3 POST /api/v3/pixels/a2_j6xo78gpljnf/conversion_events,WEBSITE,metadata.conversion_id,reg_{user_id},,,"user.email (SHA-256; lowercase, strip dots and +suffix in local part) | user.external_id | user.uuid (_rdt_uuid) | user.ip_address | user.user_agent",click_id (rdt_cid),user.data_processing_options (LDU),event_at,7,"{""event"":""SignUp (GTM tag 57)"",""id_template"":null,""id_hashed"":false,""value_sent"":""none"",""scope"":""every signup"",""evidence"":""research/11 §3.1 (sealed replay of GTM-56CMP8K v25): em only, no conversionId""}",true,No conversionId on the pixel; session fallback needs <5 min gaps. Add conversionId reg_<uid> to the tag.,research/08 B3 Reddit | https://ads-api.reddit.com/docs/v3/guides/programs/capi/direct-integration
signup,linkedin,true,server_event,twin_observed,conversion rule (server) paired with Insight conversion 29290241,"Conversions API POST /rest/conversionEvents, one conversion rule per source (Insight Tag partner 10481401)",,eventId,reg_{user_id},,,"user.userIds[SHA256_EMAIL] | user.userInfo (first/last name, company, title, country)",user.userIds[LINKEDIN_FIRST_PARTY_ADS_TRACKING_UUID] (li_fat_id),,conversionHappenedAt,90,"{""event"":""Insight conversion 29290241 (GTM tag 72)"",""id_template"":null,""id_hashed"":false,""value_sent"":""none"",""scope"":""every signup"",""evidence"":""research/11 §3.1 (sealed replay of GTM-56CMP8K v25): conversionId only, eventId \""\""""}",true,"LinkedIn keeps the Insight Tag event when eventIds match; with eventId """" it cannot match. Set eventId reg_<uid> in the tag.",research/08 B3 LinkedIn | https://learn.microsoft.com/en-us/linkedin/marketing/integrations/ads-reporting/conversions-api?view=li-lms-2026-09
signup,x,true,server_event,twin_observed,tw-qwghh-13vj22,Conversion API POST /12/measurement/conversions/qwghh,,conversion_id,reg_{user_id},,,"identifiers[].hashed_email (SHA-256, trim+lowercase) | identifiers[].hashed_phone_number (SHA-256, E.164) | identifiers[].ip_address + user_agent (only with a second identifier)",identifiers[].twclid,,conversion_time,,"{""event"":""tw-qwghh-13vj22 (GTM tag 76)"",""id_template"":null,""id_hashed"":false,""value_sent"":""none"",""scope"":""every signup"",""evidence"":""research/11 §3.1 (sealed replay of GTM-56CMP8K v25): email hash, event={}""}",true,No conversion_id on the pixel event; add conversion_id reg_<uid> to the tag before sending server twins.,research/08 B3 X | https://docs.x.com/x-ads-api/measurement/web-conversions
signup,microsoft,true,server_event,server_only,signup,UET Conversions API POST https://capi.uet.microsoft.com/v1/187107444/events (staged rollout),,eventId,reg_{user_id},,,"userData.em (SHA-256; trim, strip dots and +alias, lowercase) | userData.ph (SHA-256, E.164) | userData.externalId | userData.anonymousId (UET VID via ID Sync)",userData.msclkid,adStorageConsent (G/D; default granted),eventTime,7,,false,No UET signup today; custom CAPI event.,research/08 B3 Microsoft | https://learn.microsoft.com/en-us/advertising/guides/uet-conversion-api-integration?view=bingads-13
activation_first_generation,google_ads,true,server_event,server_only,"AW-11252321380 secondary conversion action ""activation_first_generation"" (to create)",AW-11252321380 conversion action (Google Data Manager API ingestEvents),,transactionId,{event_id},,,"userData.userIdentifiers[].emailAddress (SHA-256 hex, google_ads normalisation) | userData.userIdentifiers[].phoneNumber (SHA-256, E.164)",adIdentifiers.gclid | adIdentifiers.gbraid | adIdentifiers.wbraid,consent.adUserData | consent.adPersonalization,eventTimestamp,90,,false,New signal: first generation (credit ledger). Secondary action for observation/audiences.,research/08 §1.2-§1.4 | https://developers.google.com/data-manager/api/devguides/events/google-ads/online/send-events
activation_first_generation,meta,true,server_event,server_only,activation_first_generation,"pixel 843671884361709 via Conversions API (direct, or the existing CAPI Gateway /capi/{pixel}/events)",website,event_id,{event_id},,,"user_data.em (SHA-256, trim+lowercase) | user_data.ph (SHA-256, digits with country code) | user_data.external_id (SHA-256 of the LOWER-CASED uid, as the pixel sends) | user_data.fbp | user_data.client_ip_address | user_data.client_user_agent","user_data.fbc (fb.1.<fbclid_created_at ms>.<fbclid>, never hashed)",data_processing_options (LDU) | opt_out,event_time,7,,false,New custom event; candidate optimisation event for low-volume ad sets.,research/08 §2.1-§2.4 | https://developers.facebook.com/docs/marketing-api/conversions-api/parameters/server-event
activation_first_generation,tiktok,true,server_event,server_only,activation_first_generation,"Events API 2.0 POST /open_api/v1.3/event/track/, event_source=web, event_source_id=D9QOQ5JC77U6RO6J21IG",,event_id,{event_id},,,"user.email (SHA-256, trim+lowercase) | user.phone (SHA-256, E.164) | user.external_id (SHA-256) | user.ttp (_ttp cookie) | user.ip | user.user_agent",user.ttclid,limited_data_use,event_time,,,false,New custom event.,research/08 B3 TikTok | https://business-api.tiktok.com/portal/docs?id=1771101303285761
activation_first_generation,reddit,true,server_event,server_only,CUSTOM:activation_first_generation,CAPI v3 POST /api/v3/pixels/a2_j6xo78gpljnf/conversion_events,WEBSITE,metadata.conversion_id,{event_id},,,"user.email (SHA-256; lowercase, strip dots and +suffix in local part) | user.external_id | user.uuid (_rdt_uuid) | user.ip_address | user.user_agent",click_id (rdt_cid),user.data_processing_options (LDU),event_at,7,,false,New custom event.,research/08 B3 Reddit | https://ads-api.reddit.com/docs/v3/guides/programs/capi/direct-integration
activation_first_generation,linkedin,false,none,not_sent,,,,,,,,,,,,,,false,Not sent: B2B lead channel.,research/08 B3 LinkedIn | https://learn.microsoft.com/en-us/linkedin/marketing/integrations/ads-reporting/conversions-api?view=li-lms-2026-09
activation_first_generation,x,false,none,not_sent,,,,,,,,,,,,,,false,Not sent: needs a new Events Manager event; low volume.,research/08 B3 X | https://docs.x.com/x-ads-api/measurement/web-conversions
activation_first_generation,microsoft,false,none,not_sent,,,,,,,,,,,,,,false,Not sent: search channel optimises on purchases.,research/08 B3 Microsoft | https://learn.microsoft.com/en-us/advertising/guides/uet-conversion-api-integration?view=bingads-13
checkout_started,google_ads,true,server_event,server_only,"AW-11252321380 secondary conversion action ""begin_checkout"" (to create)",AW-11252321380 conversion action (Google Data Manager API ingestEvents),,transactionId,{event_id},,,"userData.userIdentifiers[].emailAddress (SHA-256 hex, google_ads normalisation) | userData.userIdentifiers[].phoneNumber (SHA-256, E.164)",adIdentifiers.gclid | adIdentifiers.gbraid | adIdentifiers.wbraid,consent.adUserData | consent.adPersonalization,eventTimestamp,90,,false,Intent signal from Amplitude subscription_started (no ad platform receives checkout intent today).,research/08 §1.2-§1.4 | https://developers.google.com/data-manager/api/devguides/events/google-ads/online/send-events
checkout_started,meta,true,server_event,server_only,InitiateCheckout,"pixel 843671884361709 via Conversions API (direct, or the existing CAPI Gateway /capi/{pixel}/events)",website,event_id,{event_id},,,"user_data.em (SHA-256, trim+lowercase) | user_data.ph (SHA-256, digits with country code) | user_data.external_id (SHA-256 of the LOWER-CASED uid, as the pixel sends) | user_data.fbp | user_data.client_ip_address | user_data.client_user_agent","user_data.fbc (fb.1.<fbclid_created_at ms>.<fbclid>, never hashed)",data_processing_options (LDU) | opt_out,event_time,7,,false,Standard event; never sent by the browser (not found in any bundle).,research/08 §2.1-§2.4 | https://developers.facebook.com/docs/marketing-api/conversions-api/parameters/server-event
checkout_started,tiktok,true,server_event,server_only,InitiateCheckout,"Events API 2.0 POST /open_api/v1.3/event/track/, event_source=web, event_source_id=D9QOQ5JC77U6RO6J21IG",,event_id,{event_id},,,"user.email (SHA-256, trim+lowercase) | user.phone (SHA-256, E.164) | user.external_id (SHA-256) | user.ttp (_ttp cookie) | user.ip | user.user_agent",user.ttclid,limited_data_use,event_time,,,false,Standard event; never sent by the browser.,research/08 B3 TikTok | https://business-api.tiktok.com/portal/docs?id=1771101303285761
checkout_started,reddit,false,none,not_sent,,,,,,,,,,,,,,false,Not sent: no matching standard type; keep Reddit on SIGN_UP/PURCHASE.,research/08 B3 Reddit | https://ads-api.reddit.com/docs/v3/guides/programs/capi/direct-integration
checkout_started,linkedin,false,none,not_sent,,,,,,,,,,,,,,false,Not sent: B2B lead channel.,research/08 B3 LinkedIn | https://learn.microsoft.com/en-us/linkedin/marketing/integrations/ads-reporting/conversions-api?view=li-lms-2026-09
checkout_started,x,false,none,not_sent,,,,,,,,,,,,,,false,Not sent.,research/08 B3 X | https://docs.x.com/x-ads-api/measurement/web-conversions
checkout_started,microsoft,false,none,not_sent,,,,,,,,,,,,,,false,Not sent.,research/08 B3 Microsoft | https://learn.microsoft.com/en-us/advertising/guides/uet-conversion-api-integration?view=bingads-13
purchase_first,google_ads,true,server_event,twin_observed,AW-11252321380/OfGcCJisoLQZEOSYw_Up,AW-11252321380 conversion action (Google Data Manager API ingestEvents),,transactionId,sub_{invoice_id},conversionValue,currency,"userData.userIdentifiers[].emailAddress (SHA-256 hex, google_ads normalisation) | userData.userIdentifiers[].phoneNumber (SHA-256, E.164)",adIdentifiers.gclid | adIdentifiers.gbraid | adIdentifiers.wbraid,consent.adUserData | consent.adPersonalization,eventTimestamp,90,"{""event"":""purchase (GTM tags 15 and 19: both accounts)"",""id_template"":""sub_{invoice_id}"",""id_hashed"":false,""value_sent"":""first-invoice amount (fallback: stale list price + unstable Date.now() id)"",""scope"":""every subscription checkout"",""evidence"":""research/11 §3.1 (sealed replay of GTM-56CMP8K v25) S3; research/02 §3.2""}",false,Data Manager multi-source: same transactionId overrides the tag value without a second count (14-day trial per action; allowlist per page summary). AW-16854695811/4Rf-CM6EhJMcEIP_-OQ- receives the same oid: send to the account whose action is primary.,research/08 §1.2-§1.4 | https://developers.google.com/data-manager/api/devguides/events/google-ads/online/send-events
purchase_first,meta,true,server_event,twin_observed,Purchase,"pixel 843671884361709 via Conversions API (direct, or the existing CAPI Gateway /capi/{pixel}/events)",website,event_id,purchase_{invoice_id},custom_data.value,custom_data.currency,"user_data.em (SHA-256, trim+lowercase) | user_data.ph (SHA-256, digits with country code) | user_data.external_id (SHA-256 of the LOWER-CASED uid, as the pixel sends) | user_data.fbp | user_data.client_ip_address | user_data.client_user_agent","user_data.fbc (fb.1.<fbclid_created_at ms>.<fbclid>, never hashed)",data_processing_options (LDU) | opt_out,event_time,7,"{""event"":""fbq track Purchase"",""id_template"":""purchase_{invoice_id}"",""id_hashed"":false,""value_sent"":""ltvValueMajor if the backend supplies it, else invoice amount"",""scope"":""first valid purchase only (isFirstPurchase)"",""evidence"":""research/02 §3.2""}",false,Send only rows with is_first_purchase=true to keep one Purchase definition; win-back subscriptions have no pixel twin. Pixel and CAPI values should match for value optimisation.,research/08 §2.1-§2.4 | https://developers.facebook.com/docs/marketing-api/conversions-api/parameters/server-event
purchase_first,tiktok,true,server_event,twin_observed,Purchase,"Events API 2.0 POST /open_api/v1.3/event/track/, event_source=web, event_source_id=D9QOQ5JC77U6RO6J21IG",,event_id,sub_{invoice_id},properties.value,properties.currency,"user.email (SHA-256, trim+lowercase) | user.phone (SHA-256, E.164) | user.external_id (SHA-256) | user.ttp (_ttp cookie) | user.ip | user.user_agent",user.ttclid,limited_data_use,event_time,,"{""event"":""Purchase (GTM tag 78 on first_purchase)"",""id_template"":""sub_{invoice_id}"",""id_hashed"":false,""value_sent"":""ltvValueMajor else amount"",""scope"":""first valid purchase only"",""evidence"":""research/11 §3.1 (sealed replay of GTM-56CMP8K v25) S4""}",false,Dedup key = event_source_id + event + event_id; first received wins within 48 h.,research/08 B3 TikTok | https://business-api.tiktok.com/portal/docs?id=1771101303285761
purchase_first,reddit,true,server_event,twin_observed,PURCHASE,CAPI v3 POST /api/v3/pixels/a2_j6xo78gpljnf/conversion_events,WEBSITE,metadata.conversion_id,sub_{invoice_id},metadata.value,metadata.currency,"user.email (SHA-256; lowercase, strip dots and +suffix in local part) | user.external_id | user.uuid (_rdt_uuid) | user.ip_address | user.user_agent",click_id (rdt_cid),user.data_processing_options (LDU),event_at,7,"{""event"":""Purchase (GTM tag 35)"",""id_template"":""sub_{invoice_id}"",""id_hashed"":true,""value_sent"":""invoice amount (m.valueDecimal)"",""scope"":""every subscription checkout"",""evidence"":""research/11 §3.1 (sealed replay of GTM-56CMP8K v25) S3: m.conversionId = SHA-256(transaction id)""}",false,The pixel hashes conversionId client-side; whether Reddit hashes a plaintext CAPI conversion_id before matching is undocumented: verify in the Reddit dedup log before relying on it. ≤2 days for dedup.,research/08 B3 Reddit | https://ads-api.reddit.com/docs/v3/guides/programs/capi/direct-integration
purchase_first,linkedin,true,server_event,twin_observed,conversion rule (server) paired with Insight conversion 29290225,"Conversions API POST /rest/conversionEvents, one conversion rule per source (Insight Tag partner 10481401)",,eventId,sub_{invoice_id},conversionValue.amount,conversionValue.currencyCode,"user.userIds[SHA256_EMAIL] | user.userInfo (first/last name, company, title, country)",user.userIds[LINKEDIN_FIRST_PARTY_ADS_TRACKING_UUID] (li_fat_id),,conversionHappenedAt,90,"{""event"":""Insight conversion 29290225 (GTM tag 58)"",""id_template"":null,""id_hashed"":false,""value_sent"":""none"",""scope"":""every subscription checkout"",""evidence"":""research/11 §3.1 (sealed replay of GTM-56CMP8K v25) S3: no value, currency, order or event id""}",true,Set eventId sub_<invoiceId> (and value) on the Insight tag; LinkedIn then keeps the tag event and discards the matching CAPI event.,research/08 B3 LinkedIn | https://learn.microsoft.com/en-us/linkedin/marketing/integrations/ads-reporting/conversions-api?view=li-lms-2026-09
purchase_first,x,true,server_event,twin_observed,tw-qwghh-13vj24,Conversion API POST /12/measurement/conversions/qwghh,,conversion_id,sub_{invoice_id},value (verify),price_currency (verify),"identifiers[].hashed_email (SHA-256, trim+lowercase) | identifiers[].hashed_phone_number (SHA-256, E.164) | identifiers[].ip_address + user_agent (only with a second identifier)",identifiers[].twclid,,conversion_time,,"{""event"":""tw-qwghh-13vj24 (GTM tag 75) + automatic gtm_purchase"",""id_template"":""sub_{invoice_id}"",""id_hashed"":false,""value_sent"":""invoice amount"",""scope"":""every subscription checkout"",""evidence"":""research/11 §3.1 (sealed replay of GTM-56CMP8K v25) S3""}",false,X also emits an automatic gtm_purchase with order_id; make sure only one is a counted conversion in X Events Manager.,research/08 B3 X | https://docs.x.com/x-ads-api/measurement/web-conversions
purchase_first,microsoft,true,server_event,twin_observed,purchase,UET Conversions API POST https://capi.uet.microsoft.com/v1/187107444/events (staged rollout),,eventId,sub_{invoice_id},customData.value (verify),customData.currency (verify),"userData.em (SHA-256; trim, strip dots and +alias, lowercase) | userData.ph (SHA-256, E.164) | userData.externalId | userData.anonymousId (UET VID via ID Sync)",userData.msclkid,adStorageConsent (G/D; default granted),eventTime,7,"{""event"":""uetq.push('event','purchase')"",""id_template"":null,""id_hashed"":false,""value_sent"":""revenue_value = invoice amount; transaction_id sub_{invoice_id}"",""scope"":""every subscription checkout"",""evidence"":""research/11 §3.1 (sealed replay of GTM-56CMP8K v25) S7""}",true,"UET CAPI dedup needs the same tagId + eventId + eventName; the browser call carries transaction_id but no event id, so add one before sending server twins.",research/08 B3 Microsoft | https://learn.microsoft.com/en-us/advertising/guides/uet-conversion-api-integration?view=bingads-13
purchase_renewal,google_ads,true,server_event,server_only,"AW-11252321380 secondary conversion action ""purchase_renewal"" (to create)",AW-11252321380 conversion action (Google Data Manager API ingestEvents),,transactionId,{order_id},conversionValue,currency,"userData.userIdentifiers[].emailAddress (SHA-256 hex, google_ads normalisation) | userData.userIdentifiers[].phoneNumber (SHA-256, E.164)",adIdentifiers.gclid | adIdentifiers.gbraid | adIdentifiers.wbraid,consent.adUserData | consent.adPersonalization,eventTimestamp,90,,false,No browser twin (purchase_renewal never reaches the browser). Use a SECONDARY conversion action so it informs value without changing what campaigns optimise for; transactionId sub_{invoice_id} keeps it unique per invoice.,research/08 §1.2-§1.4 | https://developers.google.com/data-manager/api/devguides/events/google-ads/online/send-events
purchase_renewal,meta,true,server_event,server_only,purchase_renewal,"pixel 843671884361709 via Conversions API (direct, or the existing CAPI Gateway /capi/{pixel}/events)",system_generated,event_id,{event_id},custom_data.value,custom_data.currency,"user_data.em (SHA-256, trim+lowercase) | user_data.ph (SHA-256, digits with country code) | user_data.external_id (SHA-256 of the LOWER-CASED uid, as the pixel sends) | user_data.fbp | user_data.client_ip_address | user_data.client_user_agent","user_data.fbc (fb.1.<fbclid_created_at ms>.<fbclid>, never hashed)",data_processing_options (LDU) | opt_out,event_time,7,,false,No browser twin. Custom event; Meta's documented action_source for auto-pay renewals is system_generated. ≤7-day send window.,research/08 §2.1-§2.4 | https://developers.facebook.com/docs/marketing-api/conversions-api/parameters/server-event
purchase_renewal,tiktok,true,server_event,server_only,purchase_renewal,"Events API 2.0 POST /open_api/v1.3/event/track/, event_source=web, event_source_id=D9QOQ5JC77U6RO6J21IG",,event_id,{order_id},properties.value,properties.currency,"user.email (SHA-256, trim+lowercase) | user.phone (SHA-256, E.164) | user.external_id (SHA-256) | user.ttp (_ttp cookie) | user.ip | user.user_agent",user.ttclid,limited_data_use,event_time,,,false,"No browser twin. Custom event (reporting/audiences, not an optimisation event).",research/08 B3 TikTok | https://business-api.tiktok.com/portal/docs?id=1771101303285761
purchase_renewal,reddit,true,server_event,server_only,CUSTOM:purchase_renewal,CAPI v3 POST /api/v3/pixels/a2_j6xo78gpljnf/conversion_events,WEBSITE,metadata.conversion_id,{order_id},metadata.value,metadata.currency,"user.email (SHA-256; lowercase, strip dots and +suffix in local part) | user.external_id | user.uuid (_rdt_uuid) | user.ip_address | user.user_agent",click_id (rdt_cid),user.data_processing_options (LDU),event_at,7,,false,No browser twin. type CUSTOM with custom_event_name; ≤7 days.,research/08 B3 Reddit | https://ads-api.reddit.com/docs/v3/guides/programs/capi/direct-integration
purchase_renewal,linkedin,false,none,not_sent,,,,,,,,,,,,,,false,Not sent: LinkedIn is used for B2B leads; post-purchase subscription events add noise there.,research/08 B3 LinkedIn | https://learn.microsoft.com/en-us/linkedin/marketing/integrations/ads-reporting/conversions-api?view=li-lms-2026-09
purchase_renewal,x,false,none,not_sent,,,,,,,,,,,,,,false,Not sent: needs a new Events Manager event per type and X optimises on the purchase twin only.,research/08 B3 X | https://docs.x.com/x-ads-api/measurement/web-conversions
purchase_renewal,microsoft,true,server_event,server_only,purchase_renewal,UET Conversions API POST https://capi.uet.microsoft.com/v1/187107444/events (staged rollout),,eventId,{order_id},customData.value (verify),customData.currency (verify),"userData.em (SHA-256; trim, strip dots and +alias, lowercase) | userData.ph (SHA-256, E.164) | userData.externalId | userData.anonymousId (UET VID via ID Sync)",userData.msclkid,adStorageConsent (G/D; default granted),eventTime,7,,false,No browser twin. Custom UET event via CAPI (eventName distinct from purchase).,research/08 B3 Microsoft | https://learn.microsoft.com/en-us/advertising/guides/uet-conversion-api-integration?view=bingads-13
purchase_upgrade,google_ads,true,server_event,server_only,"AW-11252321380 secondary conversion action ""purchase_upgrade"" (to create)",AW-11252321380 conversion action (Google Data Manager API ingestEvents),,transactionId,{order_id},conversionValue,currency,"userData.userIdentifiers[].emailAddress (SHA-256 hex, google_ads normalisation) | userData.userIdentifiers[].phoneNumber (SHA-256, E.164)",adIdentifiers.gclid | adIdentifiers.gbraid | adIdentifiers.wbraid,consent.adUserData | consent.adPersonalization,eventTimestamp,90,,false,No browser twin (purchase_upgrade never reaches the browser). Use a SECONDARY conversion action so it informs value without changing what campaigns optimise for; transactionId sub_{invoice_id} keeps it unique per invoice.,research/08 §1.2-§1.4 | https://developers.google.com/data-manager/api/devguides/events/google-ads/online/send-events
purchase_upgrade,meta,true,server_event,server_only,purchase_upgrade,"pixel 843671884361709 via Conversions API (direct, or the existing CAPI Gateway /capi/{pixel}/events)",website,event_id,{event_id},custom_data.value,custom_data.currency,"user_data.em (SHA-256, trim+lowercase) | user_data.ph (SHA-256, digits with country code) | user_data.external_id (SHA-256 of the LOWER-CASED uid, as the pixel sends) | user_data.fbp | user_data.client_ip_address | user_data.client_user_agent","user_data.fbc (fb.1.<fbclid_created_at ms>.<fbclid>, never hashed)",data_processing_options (LDU) | opt_out,event_time,7,,false,No browser twin. Custom event; Meta's documented action_source for auto-pay renewals is system_generated. ≤7-day send window.,research/08 §2.1-§2.4 | https://developers.facebook.com/docs/marketing-api/conversions-api/parameters/server-event
purchase_upgrade,tiktok,true,server_event,server_only,purchase_upgrade,"Events API 2.0 POST /open_api/v1.3/event/track/, event_source=web, event_source_id=D9QOQ5JC77U6RO6J21IG",,event_id,{order_id},properties.value,properties.currency,"user.email (SHA-256, trim+lowercase) | user.phone (SHA-256, E.164) | user.external_id (SHA-256) | user.ttp (_ttp cookie) | user.ip | user.user_agent",user.ttclid,limited_data_use,event_time,,,false,"No browser twin. Custom event (reporting/audiences, not an optimisation event).",research/08 B3 TikTok | https://business-api.tiktok.com/portal/docs?id=1771101303285761
purchase_upgrade,reddit,true,server_event,server_only,CUSTOM:purchase_upgrade,CAPI v3 POST /api/v3/pixels/a2_j6xo78gpljnf/conversion_events,WEBSITE,metadata.conversion_id,{order_id},metadata.value,metadata.currency,"user.email (SHA-256; lowercase, strip dots and +suffix in local part) | user.external_id | user.uuid (_rdt_uuid) | user.ip_address | user.user_agent",click_id (rdt_cid),user.data_processing_options (LDU),event_at,7,,false,No browser twin. type CUSTOM with custom_event_name; ≤7 days.,research/08 B3 Reddit | https://ads-api.reddit.com/docs/v3/guides/programs/capi/direct-integration
purchase_upgrade,linkedin,false,none,not_sent,,,,,,,,,,,,,,false,Not sent: LinkedIn is used for B2B leads; post-purchase subscription events add noise there.,research/08 B3 LinkedIn | https://learn.microsoft.com/en-us/linkedin/marketing/integrations/ads-reporting/conversions-api?view=li-lms-2026-09
purchase_upgrade,x,false,none,not_sent,,,,,,,,,,,,,,false,Not sent: needs a new Events Manager event per type and X optimises on the purchase twin only.,research/08 B3 X | https://docs.x.com/x-ads-api/measurement/web-conversions
purchase_upgrade,microsoft,true,server_event,server_only,purchase_upgrade,UET Conversions API POST https://capi.uet.microsoft.com/v1/187107444/events (staged rollout),,eventId,{order_id},customData.value (verify),customData.currency (verify),"userData.em (SHA-256; trim, strip dots and +alias, lowercase) | userData.ph (SHA-256, E.164) | userData.externalId | userData.anonymousId (UET VID via ID Sync)",userData.msclkid,adStorageConsent (G/D; default granted),eventTime,7,,false,No browser twin. Custom UET event via CAPI (eventName distinct from purchase).,research/08 B3 Microsoft | https://learn.microsoft.com/en-us/advertising/guides/uet-conversion-api-integration?view=bingads-13
purchase_add_on,google_ads,true,server_event,server_only,"AW-11252321380 secondary conversion action ""purchase_add_on"" (to create)",AW-11252321380 conversion action (Google Data Manager API ingestEvents),,transactionId,{order_id},conversionValue,currency,"userData.userIdentifiers[].emailAddress (SHA-256 hex, google_ads normalisation) | userData.userIdentifiers[].phoneNumber (SHA-256, E.164)",adIdentifiers.gclid | adIdentifiers.gbraid | adIdentifiers.wbraid,consent.adUserData | consent.adPersonalization,eventTimestamp,90,,false,No browser twin (purchase_add_on never reaches the browser). Use a SECONDARY conversion action so it informs value without changing what campaigns optimise for; transactionId sub_{invoice_id} keeps it unique per invoice.,research/08 §1.2-§1.4 | https://developers.google.com/data-manager/api/devguides/events/google-ads/online/send-events
purchase_add_on,meta,true,server_event,server_only,purchase_add_on,"pixel 843671884361709 via Conversions API (direct, or the existing CAPI Gateway /capi/{pixel}/events)",website,event_id,{event_id},custom_data.value,custom_data.currency,"user_data.em (SHA-256, trim+lowercase) | user_data.ph (SHA-256, digits with country code) | user_data.external_id (SHA-256 of the LOWER-CASED uid, as the pixel sends) | user_data.fbp | user_data.client_ip_address | user_data.client_user_agent","user_data.fbc (fb.1.<fbclid_created_at ms>.<fbclid>, never hashed)",data_processing_options (LDU) | opt_out,event_time,7,,false,No browser twin. Custom event; Meta's documented action_source for auto-pay renewals is system_generated. ≤7-day send window.,research/08 §2.1-§2.4 | https://developers.facebook.com/docs/marketing-api/conversions-api/parameters/server-event
purchase_add_on,tiktok,true,server_event,server_only,purchase_add_on,"Events API 2.0 POST /open_api/v1.3/event/track/, event_source=web, event_source_id=D9QOQ5JC77U6RO6J21IG",,event_id,{order_id},properties.value,properties.currency,"user.email (SHA-256, trim+lowercase) | user.phone (SHA-256, E.164) | user.external_id (SHA-256) | user.ttp (_ttp cookie) | user.ip | user.user_agent",user.ttclid,limited_data_use,event_time,,,false,"No browser twin. Custom event (reporting/audiences, not an optimisation event).",research/08 B3 TikTok | https://business-api.tiktok.com/portal/docs?id=1771101303285761
purchase_add_on,reddit,true,server_event,server_only,CUSTOM:purchase_add_on,CAPI v3 POST /api/v3/pixels/a2_j6xo78gpljnf/conversion_events,WEBSITE,metadata.conversion_id,{order_id},metadata.value,metadata.currency,"user.email (SHA-256; lowercase, strip dots and +suffix in local part) | user.external_id | user.uuid (_rdt_uuid) | user.ip_address | user.user_agent",click_id (rdt_cid),user.data_processing_options (LDU),event_at,7,,false,No browser twin. type CUSTOM with custom_event_name; ≤7 days.,research/08 B3 Reddit | https://ads-api.reddit.com/docs/v3/guides/programs/capi/direct-integration
purchase_add_on,linkedin,false,none,not_sent,,,,,,,,,,,,,,false,Not sent: LinkedIn is used for B2B leads; post-purchase subscription events add noise there.,research/08 B3 LinkedIn | https://learn.microsoft.com/en-us/linkedin/marketing/integrations/ads-reporting/conversions-api?view=li-lms-2026-09
purchase_add_on,x,false,none,not_sent,,,,,,,,,,,,,,false,Not sent: needs a new Events Manager event per type and X optimises on the purchase twin only.,research/08 B3 X | https://docs.x.com/x-ads-api/measurement/web-conversions
purchase_add_on,microsoft,true,server_event,server_only,purchase_add_on,UET Conversions API POST https://capi.uet.microsoft.com/v1/187107444/events (staged rollout),,eventId,{order_id},customData.value (verify),customData.currency (verify),"userData.em (SHA-256; trim, strip dots and +alias, lowercase) | userData.ph (SHA-256, E.164) | userData.externalId | userData.anonymousId (UET VID via ID Sync)",userData.msclkid,adStorageConsent (G/D; default granted),eventTime,7,,false,No browser twin. Custom UET event via CAPI (eventName distinct from purchase).,research/08 B3 Microsoft | https://learn.microsoft.com/en-us/advertising/guides/uet-conversion-api-integration?view=bingads-13
purchase_one_time_pack,google_ads,true,server_event,server_only,"AW-11252321380 secondary conversion action ""purchase_one_time_pack"" (to create)",AW-11252321380 conversion action (Google Data Manager API ingestEvents),,transactionId,{order_id},conversionValue,currency,"userData.userIdentifiers[].emailAddress (SHA-256 hex, google_ads normalisation) | userData.userIdentifiers[].phoneNumber (SHA-256, E.164)",adIdentifiers.gclid | adIdentifiers.gbraid | adIdentifiers.wbraid,consent.adUserData | consent.adPersonalization,eventTimestamp,90,,false,No browser twin (purchase_one_time_pack never reaches the browser). Use a SECONDARY conversion action so it informs value without changing what campaigns optimise for; transactionId sub_{invoice_id} keeps it unique per invoice.,research/08 §1.2-§1.4 | https://developers.google.com/data-manager/api/devguides/events/google-ads/online/send-events
purchase_one_time_pack,meta,true,server_event,server_only,purchase_one_time_pack,"pixel 843671884361709 via Conversions API (direct, or the existing CAPI Gateway /capi/{pixel}/events)",website,event_id,{event_id},custom_data.value,custom_data.currency,"user_data.em (SHA-256, trim+lowercase) | user_data.ph (SHA-256, digits with country code) | user_data.external_id (SHA-256 of the LOWER-CASED uid, as the pixel sends) | user_data.fbp | user_data.client_ip_address | user_data.client_user_agent","user_data.fbc (fb.1.<fbclid_created_at ms>.<fbclid>, never hashed)",data_processing_options (LDU) | opt_out,event_time,7,,false,No browser twin. Custom event; Meta's documented action_source for auto-pay renewals is system_generated. ≤7-day send window.,research/08 §2.1-§2.4 | https://developers.facebook.com/docs/marketing-api/conversions-api/parameters/server-event
purchase_one_time_pack,tiktok,true,server_event,server_only,purchase_one_time_pack,"Events API 2.0 POST /open_api/v1.3/event/track/, event_source=web, event_source_id=D9QOQ5JC77U6RO6J21IG",,event_id,{order_id},properties.value,properties.currency,"user.email (SHA-256, trim+lowercase) | user.phone (SHA-256, E.164) | user.external_id (SHA-256) | user.ttp (_ttp cookie) | user.ip | user.user_agent",user.ttclid,limited_data_use,event_time,,,false,"No browser twin. Custom event (reporting/audiences, not an optimisation event).",research/08 B3 TikTok | https://business-api.tiktok.com/portal/docs?id=1771101303285761
purchase_one_time_pack,reddit,true,server_event,server_only,CUSTOM:purchase_one_time_pack,CAPI v3 POST /api/v3/pixels/a2_j6xo78gpljnf/conversion_events,WEBSITE,metadata.conversion_id,{order_id},metadata.value,metadata.currency,"user.email (SHA-256; lowercase, strip dots and +suffix in local part) | user.external_id | user.uuid (_rdt_uuid) | user.ip_address | user.user_agent",click_id (rdt_cid),user.data_processing_options (LDU),event_at,7,,false,No browser twin. type CUSTOM with custom_event_name; ≤7 days.,research/08 B3 Reddit | https://ads-api.reddit.com/docs/v3/guides/programs/capi/direct-integration
purchase_one_time_pack,linkedin,false,none,not_sent,,,,,,,,,,,,,,false,Not sent: LinkedIn is used for B2B leads; post-purchase subscription events add noise there.,research/08 B3 LinkedIn | https://learn.microsoft.com/en-us/linkedin/marketing/integrations/ads-reporting/conversions-api?view=li-lms-2026-09
purchase_one_time_pack,x,false,none,not_sent,,,,,,,,,,,,,,false,Not sent: needs a new Events Manager event per type and X optimises on the purchase twin only.,research/08 B3 X | https://docs.x.com/x-ads-api/measurement/web-conversions
purchase_one_time_pack,microsoft,true,server_event,server_only,purchase_one_time_pack,UET Conversions API POST https://capi.uet.microsoft.com/v1/187107444/events (staged rollout),,eventId,{order_id},customData.value (verify),customData.currency (verify),"userData.em (SHA-256; trim, strip dots and +alias, lowercase) | userData.ph (SHA-256, E.164) | userData.externalId | userData.anonymousId (UET VID via ID Sync)",userData.msclkid,adStorageConsent (G/D; default granted),eventTime,7,,false,No browser twin. Custom UET event via CAPI (eventName distinct from purchase).,research/08 B3 Microsoft | https://learn.microsoft.com/en-us/advertising/guides/uet-conversion-api-integration?view=bingads-13
refund,google_ads,true,server_adjustment,server_only,conversion adjustment (value restatement),AW-11252321380 conversion action (Google Data Manager API ingestEvents),,transactionId,{adjusts_order_id},conversionValue,currency,"userData.userIdentifiers[].emailAddress (SHA-256 hex, google_ads normalisation) | userData.userIdentifiers[].phoneNumber (SHA-256, E.164)",adIdentifiers.gclid | adIdentifiers.gbraid | adIdentifiers.wbraid,consent.adUserData | consent.adPersonalization,eventTimestamp,90,,false,Data Manager adjustment on the original transactionId restates value (retraction is not documented); affects bidding only within 7 days of the original conversion.,research/08 §1.3-§1.4 | https://developers.google.com/data-manager/api/devguides/events/google-ads/conversion-adjustments
refund,meta,false,none,not_sent,,,,,,,,,,,,,,false,No adjustment API: suppress refunders via audiences and exclude them from value/pLTV training.,research/08 §2.1-§2.4 | https://developers.facebook.com/docs/marketing-api/conversions-api/parameters/server-event
refund,tiktok,false,none,not_sent,,,,,,,,,,,,,,false,No adjustment API.,research/08 B3 TikTok | https://business-api.tiktok.com/portal/docs?id=1771101303285761
refund,reddit,false,none,not_sent,,,,,,,,,,,,,,false,No adjustment API.,research/08 B3 Reddit | https://ads-api.reddit.com/docs/v3/guides/programs/capi/direct-integration
refund,linkedin,false,none,not_sent,,,,,,,,,,,,,,false,No adjustment API.,research/08 B3 LinkedIn | https://learn.microsoft.com/en-us/linkedin/marketing/integrations/ads-reporting/conversions-api?view=li-lms-2026-09
refund,x,false,none,not_sent,,,,,,,,,,,,,,false,No adjustment API.,research/08 B3 X | https://docs.x.com/x-ads-api/measurement/web-conversions
refund,microsoft,true,server_adjustment,server_only,"OnlineConversionAdjustment (Restate, or Retract on a full refund)",UET Conversions API POST https://capi.uet.microsoft.com/v1/187107444/events (staged rollout),,transactionId,{adjusts_order_id},customData.value (verify),customData.currency (verify),"userData.em (SHA-256; trim, strip dots and +alias, lowercase) | userData.ph (SHA-256, E.164) | userData.externalId | userData.anonymousId (UET VID via ID Sync)",userData.msclkid,adStorageConsent (G/D; default granted),eventTime,7,,false,Restate changes value; Retract removes the conversion. Offline adjustments ≤90 days.,research/08 B3 Microsoft | https://learn.microsoft.com/en-us/advertising/campaign-management-service/onlineconversionadjustment?view=bingads-13
chargeback,google_ads,true,server_adjustment,server_only,conversion adjustment (value restatement),AW-11252321380 conversion action (Google Data Manager API ingestEvents),,transactionId,{adjusts_order_id},conversionValue,currency,"userData.userIdentifiers[].emailAddress (SHA-256 hex, google_ads normalisation) | userData.userIdentifiers[].phoneNumber (SHA-256, E.164)",adIdentifiers.gclid | adIdentifiers.gbraid | adIdentifiers.wbraid,consent.adUserData | consent.adPersonalization,eventTimestamp,90,,false,As refund. Disputes often land after the 7-day bidding window; they still correct reporting.,research/08 §1.4
chargeback,meta,false,none,not_sent,,,,,,,,,,,,,,false,No adjustment API: suppress via audiences.,research/08 §2.1-§2.4 | https://developers.facebook.com/docs/marketing-api/conversions-api/parameters/server-event
chargeback,tiktok,false,none,not_sent,,,,,,,,,,,,,,false,No adjustment API.,research/08 B3 TikTok | https://business-api.tiktok.com/portal/docs?id=1771101303285761
chargeback,reddit,false,none,not_sent,,,,,,,,,,,,,,false,No adjustment API.,research/08 B3 Reddit | https://ads-api.reddit.com/docs/v3/guides/programs/capi/direct-integration
chargeback,linkedin,false,none,not_sent,,,,,,,,,,,,,,false,No adjustment API.,research/08 B3 LinkedIn | https://learn.microsoft.com/en-us/linkedin/marketing/integrations/ads-reporting/conversions-api?view=li-lms-2026-09
chargeback,x,false,none,not_sent,,,,,,,,,,,,,,false,No adjustment API.,research/08 B3 X | https://docs.x.com/x-ads-api/measurement/web-conversions
chargeback,microsoft,true,server_adjustment,server_only,OnlineConversionAdjustment (Retract),UET Conversions API POST https://capi.uet.microsoft.com/v1/187107444/events (staged rollout),,transactionId,{adjusts_order_id},customData.value (verify),customData.currency (verify),"userData.em (SHA-256; trim, strip dots and +alias, lowercase) | userData.ph (SHA-256, E.164) | userData.externalId | userData.anonymousId (UET VID via ID Sync)",userData.msclkid,adStorageConsent (G/D; default granted),eventTime,7,,false,Retract the disputed purchase.,research/08 B3 Microsoft
enterprise_lead,google_ads,true,server_event,server_only,"AW-11252321380 secondary conversion action ""enterprise_lead"" (to create)",AW-11252321380 conversion action (Google Data Manager API ingestEvents),,transactionId,{event_id},,,"userData.userIdentifiers[].emailAddress (SHA-256 hex, google_ads normalisation) | userData.userIdentifiers[].phoneNumber (SHA-256, E.164)",adIdentifiers.gclid | adIdentifiers.gbraid | adIdentifiers.wbraid,consent.adUserData | consent.adPersonalization,eventTimestamp,90,,false,The /enterprise HubSpot form has hidden gclid/gbraid/wbraid (filled only when the ad landed on /enterprise) and no browser conversion (research/00 B2-B3). Offline/EC-for-leads via Data Manager.,research/08 §1.2-§1.4 | https://developers.google.com/data-manager/api/devguides/events/google-ads/online/send-events
enterprise_lead,meta,true,server_event,server_only,Lead,"pixel 843671884361709 via Conversions API (direct, or the existing CAPI Gateway /capi/{pixel}/events)",website,event_id,{event_id},,,"user_data.em (SHA-256, trim+lowercase) | user_data.ph (SHA-256, digits with country code) | user_data.external_id (SHA-256 of the LOWER-CASED uid, as the pixel sends) | user_data.fbp | user_data.client_ip_address | user_data.client_user_agent","user_data.fbc (fb.1.<fbclid_created_at ms>.<fbclid>, never hashed)",data_processing_options (LDU) | opt_out,event_time,7,,false,No browser Lead event exists (not found in code).,research/08 §2.1-§2.4 | https://developers.facebook.com/docs/marketing-api/conversions-api/parameters/server-event
enterprise_lead,tiktok,false,none,not_sent,,,,,,,,,,,,,,false,Not sent: consumer channel.,research/08 B3 TikTok | https://business-api.tiktok.com/portal/docs?id=1771101303285761
enterprise_lead,reddit,false,none,not_sent,,,,,,,,,,,,,,false,Not sent: consumer channel.,research/08 B3 Reddit | https://ads-api.reddit.com/docs/v3/guides/programs/capi/direct-integration
enterprise_lead,linkedin,true,server_event,server_only,LEAD conversion rule,"Conversions API POST /rest/conversionEvents, one conversion rule per source (Insight Tag partner 10481401)",,eventId,{event_id},,,"user.userIds[SHA256_EMAIL] | user.userInfo (first/last name, company, title, country)",user.userIds[LINKEDIN_FIRST_PARTY_ADS_TRACKING_UUID] (li_fat_id),,conversionHappenedAt,90,,false,Form has no li_fat_id field; match on SHA256_EMAIL until edge-attribution fills it.,research/08 B3 LinkedIn | https://learn.microsoft.com/en-us/linkedin/marketing/integrations/ads-reporting/conversions-api?view=li-lms-2026-09
enterprise_lead,x,false,none,not_sent,,,,,,,,,,,,,,false,Not sent.,research/08 B3 X | https://docs.x.com/x-ads-api/measurement/web-conversions
enterprise_lead,microsoft,true,server_event,server_only,enterprise_lead,UET Conversions API POST https://capi.uet.microsoft.com/v1/187107444/events (staged rollout),,eventId,{event_id},,,"userData.em (SHA-256; trim, strip dots and +alias, lowercase) | userData.ph (SHA-256, E.164) | userData.externalId | userData.anonymousId (UET VID via ID Sync)",userData.msclkid,adStorageConsent (G/D; default granted),eventTime,7,,false,B2B search leads.,research/08 B3 Microsoft | https://learn.microsoft.com/en-us/advertising/guides/uet-conversion-api-integration?view=bingads-13
lead_stage_change,google_ads,true,server_event,server_only,"AW-11252321380 secondary conversion action ""qualified_lead"" (to create)",AW-11252321380 conversion action (Google Data Manager API ingestEvents),,transactionId,{event_id},,,"userData.userIdentifiers[].emailAddress (SHA-256 hex, google_ads normalisation) | userData.userIdentifiers[].phoneNumber (SHA-256, E.164)",adIdentifiers.gclid | adIdentifiers.gbraid | adIdentifiers.wbraid,consent.adUserData | consent.adPersonalization,eventTimestamp,90,,false,Offline conversion when HubSpot lifecyclestage reaches SQL; keyed on the lead gclid/email.,research/08 §1.2-§1.4 | https://developers.google.com/data-manager/api/devguides/events/google-ads/online/send-events
lead_stage_change,meta,false,none,not_sent,,,,,,,,,,,,,,false,Not sent: Meta Conversion Leads needs a Meta lead_id; website-form leads have none.,research/08 §2.1-§2.4 | https://developers.facebook.com/docs/marketing-api/conversions-api/parameters/server-event
lead_stage_change,tiktok,false,none,not_sent,,,,,,,,,,,,,,false,Not sent.,research/08 B3 TikTok | https://business-api.tiktok.com/portal/docs?id=1771101303285761
lead_stage_change,reddit,false,none,not_sent,,,,,,,,,,,,,,false,Not sent.,research/08 B3 Reddit | https://ads-api.reddit.com/docs/v3/guides/programs/capi/direct-integration
lead_stage_change,linkedin,true,server_event,server_only,QUALIFIED_LEAD / SALES_QUALIFIED_LEAD conversion rule,"Conversions API POST /rest/conversionEvents, one conversion rule per source (Insight Tag partner 10481401)",,eventId,{event_id},,,"user.userIds[SHA256_EMAIL] | user.userInfo (first/last name, company, title, country)",user.userIds[LINKEDIN_FIRST_PARTY_ADS_TRACKING_UUID] (li_fat_id),,conversionHappenedAt,90,,false,LinkedIn supports MQL/SQL conversion types (API 202608+).,research/08 B3 LinkedIn | https://learn.microsoft.com/en-us/linkedin/marketing/integrations/ads-reporting/conversions-api?view=li-lms-2026-09
lead_stage_change,x,false,none,not_sent,,,,,,,,,,,,,,false,Not sent.,research/08 B3 X | https://docs.x.com/x-ads-api/measurement/web-conversions
lead_stage_change,microsoft,false,none,not_sent,,,,,,,,,,,,,,false,Not sent.,research/08 B3 Microsoft | https://learn.microsoft.com/en-us/advertising/guides/uet-conversion-api-integration?view=bingads-13
